Date,Block_3_798,Row,Vine,Seedling,Time,Temp
July 19 2018,West,14,104,16118001,8:50,76.6
July 19 2018,West,14,105,16118002,8:50,79.9
July 19 2018,West,15,1,16118003,8:51,84.3
July 19 2018,West,15,2,16118004,8:51,
July 19 2018,West,15,3,16118005,8:52,78.6
July 19 2018,West,15,4,16118006,8:53,85.4
July 19 2018,West,15,5,16118007,8:53,81.2
July 19 2018,West,15,6,16118008,8:53,79
July 19 2018,West,15,7,16118009,8:54,86.5
July 19 2018,West,15,8,16118010,8:54,80.7
July 19 2018,West,15,9,16118011,8:55,76.2
July 19 2018,West,15,10,16118012,8:55,79.7
July 19 2018,West,15,11,16118013,8:55,82.9
July 19 2018,West,15,12,16118014,8:55,85.5
July 19 2018,West,15,13,16118015,8:55,
July 19 2018,West,15,14,16118016,8:56,85.4
July 19 2018,West,15,15,16118017,8:56,83
July 19 2018,West,15,16,16118018,8:56,
July 19 2018,West,15,17,16118019,8:57,79
July 19 2018,West,15,18,16118020,8:57,80.3
July 19 2018,West,15,19,16118021,8:58,87
July 19 2018,West,15,20,16118022,8:58,80.7
July 19 2018,West,15,21,16118023,8:58,80.2
July 19 2018,West,15,22,16118024,8:59,82.3
July 19 2018,West,15,23,16118025,8:59,84.4
July 19 2018,West,15,24,16118026,9:00,85.3
July 19 2018,West,15,25,16118027,9:00,83.6
July 19 2018,West,15,26,16118028,9:01,81.5
July 19 2018,West,15,27,16118029,9:01,86.5
July 19 2018,West,15,28,16118030,9:02,
July 19 2018,West,15,29,16118031,9:03,
July 19 2018,West,15,30,16118032,9:03,81.9
July 19 2018,West,15,31,16118033,9:03,82.9
July 19 2018,West,15,32,16118034,9:03,
July 19 2018,West,15,33,16118035,9:03,81.7
July 19 2018,West,15,34,16118036,9:04,75.1
July 19 2018,West,15,35,16118037,9:04,83
July 19 2018,West,15,36,16118038,9:05,81.4
July 19 2018,West,15,37,16118039,9:05,81.6
July 19 2018,West,15,38,16118040,9:06,
July 19 2018,West,15,39,16118041,9:07,80.6
July 19 2018,West,15,40,16118042,9:07,80.5
July 19 2018,West,15,41,16118043,9:07,78.2
July 19 2018,West,15,42,16118044,9:08,76.2
July 19 2018,West,15,43,16118045,9:08,84.4
July 19 2018,West,15,44,16118046,9:09,78.9
July 19 2018,West,15,45,16118047,9:09,78.8
July 19 2018,West,15,46,16118048,9:10,86.1
July 19 2018,West,15,47,16118049,9:10,77.7
July 19 2018,West,15,48,16118050,9:11,
July 19 2018,West,15,49,16118051,9:12,
July 19 2018,West,15,50,16118052,9:12,
July 19 2018,West,15,51,16118053,9:12,80.6
July 19 2018,West,15,52,16118054,9:12,81.7
July 19 2018,West,15,53,16118055,9:12,76.3
July 19 2018,West,15,54,16118056,9:13,79.6
July 19 2018,West,15,55,16118057,9:13,81.1
July 19 2018,West,15,56,16118058,9:14,82.6
July 19 2018,West,15,57,16118059,9:14,78.6
July 19 2018,West,15,58,16118060,9:15,79.3
July 19 2018,West,15,59,16118061,9:16,85.8
July 19 2018,West,15,60,16118062,9:16,
July 19 2018,West,15,61,16118063,9:16,83.7
July 19 2018,West,15,62,16118064,9:16,85.3
July 19 2018,West,15,63,16118065,9:16,85.7
July 19 2018,West,15,64,16118066,9:17,77.2
July 19 2018,West,15,65,16118067,9:17,74.8
July 19 2018,West,15,66,16118068,9:18,77.2
July 19 2018,West,15,67,16118069,9:18,76.1
July 19 2018,West,15,68,16118070,9:19,75.7
July 19 2018,West,15,69,16118071,9:20,78.4
July 19 2018,West,15,70,16118072,9:20,87.1
July 19 2018,West,15,71,16118073,9:20,
July 19 2018,West,15,72,16118074,9:20,78.3
July 19 2018,West,15,73,16118075,9:20,
July 19 2018,West,15,74,16118076,9:21,74.3
July 19 2018,West,15,75,16118077,9:21,
July 19 2018,West,15,76,16118078,9:21,76.3
July 19 2018,West,15,77,16118079,9:22,72.9
July 19 2018,West,15,78,16118080,9:22,74.4
July 19 2018,West,15,79,16118081,9:23,76.6
July 19 2018,West,15,80,16118082,9:23,76.6
July 19 2018,West,15,81,16118083,9:23,79.8
July 19 2018,West,15,82,16118084,9:24,84.4
July 19 2018,West,15,83,16118085,9:24,85.6
July 19 2018,West,15,84,16118086,9:25,85.4
July 19 2018,West,15,85,16118087,9:25,
July 19 2018,West,15,86,16118088,9:25,81.1
July 19 2018,West,15,87,16118089,9:25,74.2
July 19 2018,West,15,88,16118090,9:25,83.5
July 19 2018,West,15,89,16118091,9:26,78.1
July 19 2018,West,15,90,16118092,9:26,75.5
July 19 2018,West,15,91,16118093,9:26,79.3
July 19 2018,West,15,92,16118094,9:27,81.5
July 19 2018,West,15,93,16118095,9:27,85.4
July 19 2018,West,15,94,16118096,9:28,74.4
July 19 2018,West,15,95,16118097,9:28,83
July 19 2018,West,15,96,16118098,9:28,80.5
July 19 2018,West,15,97,16118099,9:29,78.8
July 19 2018,West,15,98,16118100,9:29,78.2
July 19 2018,West,15,99,16118101,9:30,78.3
July 19 2018,West,15,100,16118102,9:30,74.5
July 19 2018,West,15,101,16118103,9:30,79.2
July 19 2018,West,15,102,16118104,9:31,78.9
July 19 2018,West,15,103,16118105,9:31,
July 19 2018,West,15,104,16118106,9:32,78.5
July 19 2018,West,15,105,16118107,9:32,84.5
July 19 2018,West,16,1,16118108,9:39,76.5
July 19 2018,West,16,2,16118109,9:39,81.7
July 19 2018,West,16,3,16118110,9:39,77.4
July 19 2018,West,16,4,16118111,9:40,77.4
July 19 2018,West,16,5,16118112,9:40,78.7
July 19 2018,West,16,6,16118113,9:41,81.1
July 19 2018,West,16,7,16118114,9:41,88.6
July 19 2018,West,16,8,16118115,9:42,82.6
July 19 2018,West,16,9,16118116,9:43,80.1
July 19 2018,West,16,10,16118117,9:44,
July 19 2018,West,16,11,16118118,9:44,
July 19 2018,West,16,12,16118119,9:44,82.1
July 19 2018,West,16,13,16118120,9:44,86.4
July 19 2018,West,16,14,16118121,9:44,
July 19 2018,West,16,15,16118122,9:44,80.8
July 19 2018,West,16,16,16118123,9:44,80.6
July 19 2018,West,16,17,16118124,9:44,80.5
July 19 2018,West,16,18,16118125,9:45,78.4
July 19 2018,West,16,19,16119001,9:45,76.6
July 19 2018,West,16,20,16119002,9:46,84.1
July 19 2018,West,16,21,16119003,9:48,76.1
July 19 2018,West,16,22,16119004,9:50,
July 19 2018,West,16,23,16119005,9:52,79.9
July 19 2018,West,16,24,16119006,9:54,78.4
July 19 2018,West,16,25,16119007,9:56,86.4
July 19 2018,West,16,26,16119008,9:56,83.2
July 19 2018,West,16,27,16119009,9:56,84.1
July 19 2018,West,16,28,16119010,9:57,82.4
July 19 2018,West,16,29,16119011,9:57,79.8
July 19 2018,West,16,30,16119012,9:58,80.1
July 19 2018,West,16,31,16119013,9:58,84.9
July 19 2018,West,16,32,16119014,9:59,80.7
July 19 2018,West,16,33,16119015,9:59,88.2
July 19 2018,West,16,34,16119016,10:00,81.5
July 19 2018,West,16,35,16119017,10:01,83.6
July 19 2018,West,16,36,16119018,10:01,79
July 19 2018,West,16,37,16119019,10:01,85.4
July 19 2018,West,16,38,16119020,10:02,86.3
July 19 2018,West,16,39,16119021,10:02,86.3
July 19 2018,West,16,40,16119022,10:03,80.1
July 19 2018,West,16,41,16119023,10:03,80
July 19 2018,West,16,42,16119024,10:04,86.5
July 19 2018,West,16,43,16119025,10:04,85.9
July 19 2018,West,16,44,16119026,10:05,78
July 19 2018,West,16,45,16119027,10:06,84.2
July 19 2018,West,16,46,16119028,10:06,83.6
July 19 2018,West,16,47,16119029,10:07,85.5
July 19 2018,West,16,48,16119030,10:08,82.2
July 19 2018,West,16,49,16119031,10:09,78.8
July 19 2018,West,16,50,16119032,10:10,80.8
July 19 2018,West,16,51,16119033,10:10,84.4
July 19 2018,West,16,52,16119034,10:10,82.2
July 19 2018,West,16,53,16119035,10:11,85.3
July 19 2018,West,16,54,16119036,10:11,79.5
July 19 2018,West,16,55,16119037,10:12,
July 19 2018,West,16,56,16119038,10:12,81.9
July 19 2018,West,16,57,16119039,10:12,85.5
July 19 2018,West,16,58,16119040,10:13,82.2
July 19 2018,West,16,59,16119041,10:13,78.7
July 19 2018,West,16,60,16119042,10:14,76.5
July 19 2018,West,16,61,16119043,10:14,79.2
July 19 2018,West,16,62,16119044,8:48,80.7
July 19 2018,West,16,63,16119045,8:48,81
July 19 2018,West,16,64,16119046,8:49,81.1
July 19 2018,West,16,65,16119047,8:50,
July 19 2018,West,16,66,16119048,8:50,
July 19 2018,West,16,67,16119049,8:51,80
July 19 2018,West,16,68,16119050,8:52,80.3
July 19 2018,West,16,69,16119051,8:53,78.8
July 19 2018,West,16,70,16119052,8:53,82.9
July 19 2018,West,16,71,16119053,8:54,77.7
July 19 2018,West,16,72,16119054,8:54,78.4
July 19 2018,West,16,73,16119055,8:55,75.2
July 19 2018,West,16,74,16119056,8:55,
July 19 2018,West,16,75,16119057,8:56,79.3
July 19 2018,West,16,76,16119058,8:56,
July 19 2018,West,16,77,16119059,8:56,
July 19 2018,West,16,78,16119060,8:57,75.3
July 19 2018,West,16,79,16119061,8:57,72.9
July 19 2018,West,16,80,16119062,8:58,76.6
July 19 2018,West,16,81,16119063,8:58,
July 19 2018,West,16,82,16119064,8:59,77.3
July 19 2018,West,16,83,16119065,8:59,73.7
July 19 2018,West,16,84,16119066,9:00,73
July 19 2018,West,16,85,16119067,9:00,78.8
July 19 2018,West,16,86,16119068,9:01,77.3
July 19 2018,West,16,87,16119069,9:02,72.7
July 19 2018,West,16,88,16119070,9:02,74.8
July 19 2018,West,16,89,16119071,9:03,76.9
July 19 2018,West,16,90,16119072,9:03,77.5
July 19 2018,West,16,91,16119073,9:04,78.4
July 19 2018,West,16,92,16119074,9:05,83.2
July 19 2018,West,16,93,16119075,9:05,79.8
July 19 2018,West,16,94,16119076,9:06,82.1
July 19 2018,West,16,95,16119077,9:06,83.9
July 19 2018,West,16,96,16119078,9:07,79.1
July 19 2018,West,16,97,16119079,9:07,80.7
July 19 2018,West,16,98,16119080,9:08,84.7
July 19 2018,West,16,99,16119081,9:08,79.1
July 19 2018,West,16,100,16119082,9:09,80.8
July 19 2018,West,16,101,16119083,9:09,
July 19 2018,West,16,102,16119084,9:09,87.7
July 19 2018,West,16,103,16119085,9:10,77.1
July 19 2018,West,16,104,16119086,9:10,84.4
July 19 2018,West,16,105,16119087,9:11,78.9
July 19 2018,West,17,1,16119088,9:16,75.8
July 19 2018,West,17,2,16119089,9:16,78.1
July 19 2018,West,17,3,16119090,9:17,75.6
July 19 2018,West,17,4,16119091,9:17,82.8
July 19 2018,West,17,5,16119092,9:18,80.5
July 19 2018,West,17,6,16119093,9:18,78
July 19 2018,West,17,7,16119094,9:19,80.5
July 19 2018,West,17,8,16119095,9:19,83.9
July 19 2018,West,17,9,16119096,9:20,82.6
July 19 2018,West,17,10,16119097,9:21,85.6
July 19 2018,West,17,11,16119098,9:22,79.4
July 19 2018,West,17,12,16119099,9:23,75.4
July 19 2018,West,17,13,16119100,9:24,77.7
July 19 2018,West,17,14,16117001,9:24,81.3
July 19 2018,West,17,15,16117002,9:25,84.7
July 19 2018,West,17,16,16117003,9:25,76.2
July 19 2018,West,17,17,16117004,9:26,80.7
July 19 2018,West,17,18,16117005,9:27,75.9
July 19 2018,West,17,19,16117006,9:27,72.9
July 19 2018,West,17,20,16117007,9:28,78.6
July 19 2018,West,17,21,16117008,9:28,78.6
July 19 2018,West,17,22,16117009,9:29,77.9
July 19 2018,West,17,23,16117010,9:30,79.4
July 19 2018,West,17,24,16117011,9:30,77.2
July 19 2018,West,17,25,16117012,9:31,81.6
July 19 2018,West,17,26,16117013,9:31,78.3
July 19 2018,West,17,27,16117014,9:32,85.3
July 19 2018,West,17,28,16117015,9:33,80.6
July 19 2018,West,17,29,16117016,9:35,80.5
July 19 2018,West,17,30,16117017,9:37,83.1
July 19 2018,West,17,31,16117018,9:37,81.2
July 19 2018,West,17,32,16117019,9:38,80.2
July 19 2018,West,17,33,16117020,9:38,85.1
July 19 2018,West,17,34,16117021,9:39,83.7
July 19 2018,West,17,35,16117022,9:39,82.5
July 19 2018,West,17,36,16117023,9:40,78.5
July 19 2018,West,17,37,16117024,9:40,84.6
July 19 2018,West,17,38,16117025,9:41,80.3
July 19 2018,West,17,39,16117026,9:42,
July 19 2018,West,17,40,16117027,9:43,84.4
July 19 2018,West,17,41,16117028,9:44,80
July 19 2018,West,17,42,16117029,9:44,94.7
July 19 2018,West,17,43,16117030,9:45,84.4
July 19 2018,West,17,44,16117031,9:45,81.5
July 19 2018,West,17,45,16117032,9:46,78.4
July 19 2018,West,17,46,16117033,9:46,85.2
July 19 2018,West,17,47,16117034,9:47,92.8
July 19 2018,West,17,48,16117035,9:47,83.6
July 19 2018,West,17,49,16117036,9:48,85
July 19 2018,West,17,50,16117037,9:48,80.8
July 19 2018,West,17,51,16117038,9:49,90.8
July 19 2018,West,17,52,16117039,9:49,92.8
July 19 2018,West,17,53,16117040,9:50,
July 19 2018,West,17,54,16117041,9:51,75.5
July 19 2018,West,17,55,16117042,9:51,74.9
July 19 2018,West,17,56,16117043,9:52,80.6
July 19 2018,West,17,57,16117044,9:53,76.7
July 19 2018,West,17,58,16117045,9:53,80.5
July 19 2018,West,17,59,16117046,9:54,76.2
July 19 2018,West,17,60,16117047,9:55,88.6
July 19 2018,West,17,61,16117048,9:55,74.7
July 19 2018,West,17,62,16117049,9:56,78.1
July 19 2018,West,17,63,16117050,9:56,73.9
July 19 2018,West,17,64,16117051,9:57,
July 19 2018,West,17,65,16117052,9:57,92
July 19 2018,West,17,66,16117053,9:58,85
July 19 2018,West,17,67,16117054,9:59,
July 19 2018,West,17,68,16117055,9:59,86.7
July 19 2018,West,17,69,16117056,10:00,
July 19 2018,West,17,70,16117057,10:00,
July 19 2018,West,17,71,16117058,10:01,88.5
July 19 2018,West,17,72,16117059,10:01,86.6
July 19 2018,West,17,73,16117060,10:02,
July 19 2018,West,17,74,16117061,10:03,
July 19 2018,West,17,75,16117062,10:03,92
July 19 2018,West,17,76,16117063,10:03,80.4
July 19 2018,West,17,77,16117064,10:04,76.7
July 19 2018,West,17,78,16117065,10:04,79.4
July 19 2018,West,17,79,16117066,10:05,82
July 19 2018,West,17,80,16117067,10:05,84
July 19 2018,West,17,81,16117068,10:06,85.8
July 19 2018,West,17,82,16117069,10:06,86.7
July 19 2018,West,17,83,16117070,10:07,84.8
July 19 2018,West,17,84,16117071,10:07,81.2
July 19 2018,West,17,85,16117072,10:07,85.1
July 19 2018,West,17,86,16117073,10:08,81.9
July 19 2018,West,17,87,16117074,10:08,81.2
July 19 2018,West,17,88,16117075,10:09,84
July 19 2018,West,17,89,16117076,10:09,82.5
July 19 2018,West,17,90,16117077,10:10,79
July 19 2018,West,17,91,16117078,10:10,
July 19 2018,West,17,92,16117079,10:10,87
July 19 2018,West,17,93,16117080,10:11,80.5
July 19 2018,West,17,94,16117081,10:11,80
July 19 2018,West,17,95,16117082,10:11,83.8
July 19 2018,West,17,96,16117083,10:12,84.9
July 19 2018,West,17,97,16117084,10:13,80.7
July 19 2018,West,17,98,16117085,10:13,88
July 19 2018,West,17,99,16117086,10:14,
July 19 2018,West,17,100,16117087,10:14,83.8
July 19 2018,West,17,101,16117088,10:14,87
July 19 2018,West,17,102,16117089,10:15,72.6
July 19 2018,West,17,103,16117090,10:15,87.2
July 19 2018,West,17,104,16117091,10:16,88.7
July 19 2018,West,17,105,16117092,10:16,85.7
July 19 2018,West,18,1,16117093,10:32,96.6
July 19 2018,West,18,2,16117094,10:32,100
July 19 2018,West,18,3,16117095,10:33,95
July 19 2018,West,18,4,16117096,10:33,98.4
July 19 2018,West,18,5,16117097,10:34,93.4
July 19 2018,West,18,6,16117098,10:34,94
July 19 2018,West,18,7,16117099,10:35,93.5
July 19 2018,West,18,8,16117100,10:35,89.3
July 19 2018,West,18,9,16117101,10:35,88.4
July 19 2018,West,18,10,16117102,10:35,88.9
July 19 2018,West,18,11,16117103,10:36,94.2
July 19 2018,West,18,12,16117104,10:36,102.8
July 19 2018,West,18,13,16117105,10:36,97.1
July 19 2018,West,18,14,16117106,10:37,88.5
July 19 2018,West,18,15,16117107,10:37,94
July 19 2018,West,18,16,16117108,10:37,92.7
July 19 2018,West,18,17,16117109,10:38,98.9
July 19 2018,West,18,18,16117110,10:38,92.9
July 19 2018,West,18,19,16117111,10:38,
July 19 2018,West,18,20,16117112,8:50,
July 19 2018,West,18,21,16117113,8:50,89.6
July 19 2018,West,18,22,16117114,8:51,83.4
July 19 2018,West,18,23,16117115,8:52,86.3
July 19 2018,West,18,24,16117116,8:52,85.4
July 19 2018,West,18,25,16117117,8:52,
July 19 2018,West,18,26,16117118,8:54,77.9
July 19 2018,West,18,27,16117119,8:55,85.1
July 19 2018,West,18,28,16117120,8:56,80.2
July 19 2018,West,18,29,16117121,8:56,85.1
July 19 2018,West,18,30,16117122,8:56,81.6
July 19 2018,West,18,31,16117123,8:57,76.4
July 19 2018,West,18,32,16117124,8:59,75.2
July 19 2018,West,18,33,16117125,8:59,75.5
July 19 2018,West,18,34,16117126,9:00,77.2
July 19 2018,West,18,35,16117127,9:01,77.7
July 19 2018,West,18,36,16117128,9:01,79.1
July 19 2018,West,18,37,16117129,9:03,80.2
July 19 2018,West,18,38,16117130,9:03,77.1
July 19 2018,West,18,39,16117131,9:05,74.6
July 19 2018,West,18,40,16117132,9:05,84.4
July 19 2018,West,18,41,16117133,9:06,81.9
July 19 2018,West,18,42,16117134,9:08,82.4
July 19 2018,West,18,43,16117135,9:08,83.1
July 19 2018,West,18,44,16117136,9:09,79.9
July 19 2018,West,18,45,16117137,9:10,78.3
July 19 2018,West,18,46,16117138,9:10,79.6
July 19 2018,West,18,47,16117139,9:11,81.7
July 19 2018,West,18,48,16117140,9:13,82.2
July 19 2018,West,18,49,16117141,9:13,83.9
July 19 2018,West,18,50,16117142,9:14,
July 19 2018,West,18,51,16117143,9:14,80.5
July 19 2018,West,18,52,16117144,9:15,90.4
July 19 2018,West,18,53,16117145,9:15,86.4
July 19 2018,West,18,54,16117146,9:16,87.2
July 19 2018,West,18,55,16117147,9:16,75.6
July 19 2018,West,18,56,16117148,9:18,80.7
July 19 2018,West,18,57,16117149,9:19,
July 19 2018,West,18,58,16117150,9:19,87.5
July 19 2018,West,18,59,16129001,9:21,85.6
July 19 2018,West,18,60,16129002,9:21,82.1
July 19 2018,West,18,61,16129003,9:22,83.7
July 19 2018,West,18,62,16129004,9:22,
July 19 2018,West,18,63,16129005,9:22,81.3
July 19 2018,West,18,64,16129006,9:23,
July 19 2018,West,18,65,16129007,9:23,80.8
July 19 2018,West,18,66,16129008,9:23,80.4
July 19 2018,West,18,67,16129009,9:24,77.3
July 19 2018,West,18,68,16129010,9:25,78
July 19 2018,West,18,69,16129011,9:26,78.6
July 19 2018,West,18,70,16129012,9:27,77
July 19 2018,West,18,71,16129013,9:28,83.8
July 19 2018,West,18,72,16129014,9:29,77.7
July 19 2018,West,18,73,16129015,9:30,71.8
July 19 2018,West,18,74,16129016,9:31,79.6
July 19 2018,West,18,75,16129017,9:32,72.2
July 19 2018,West,18,76,16129018,9:33,80.7
July 19 2018,West,18,77,16129019,9:34,77.7
July 19 2018,West,18,78,16129020,9:34,83.9
July 19 2018,West,18,79,16129021,9:35,77.3
July 19 2018,West,18,80,16129022,10:17,98.4
July 19 2018,West,18,81,16129023,10:17,87.3
July 19 2018,West,18,82,16129024,10:18,94.5
July 19 2018,West,18,83,16129025,10:21,86.5
July 19 2018,West,18,84,16129026,10:21,84.5
July 19 2018,West,18,85,16129027,10:22,88.6
July 19 2018,West,18,86,16129028,10:22,
July 19 2018,West,18,87,16129029,10:23,88.7
July 19 2018,West,18,88,16129030,10:23,91.7
July 19 2018,West,18,89,16129031,10:23,
July 19 2018,West,18,90,16129032,10:23,
July 19 2018,West,18,91,16129033,10:23,88.6
July 19 2018,West,18,92,16129034,10:24,90.4
July 19 2018,West,18,93,16129035,10:24,87.2
July 19 2018,West,18,94,16129036,10:24,
July 19 2018,West,18,95,16129037,10:24,84.8
July 19 2018,West,18,96,16129038,10:24,83.3
July 19 2018,West,18,97,16129039,10:24,86.2
July 19 2018,West,18,98,16129040,10:25,93.3
July 19 2018,West,18,99,16129041,10:25,82.9
July 19 2018,West,18,100,16129042,10:25,84.2
July 19 2018,West,18,101,16129043,10:25,83.7
July 19 2018,West,18,102,16129044,10:27,85.1
July 19 2018,West,18,103,16129045,10:27,93.1
July 19 2018,West,18,104,16129046,10:28,83.2
July 19 2018,West,18,105,16129047,10:28,90
July 19 2018,West,19,1,16129048,10:40,88
July 19 2018,West,19,2,16129049,10:40,80.2
July 19 2018,West,19,3,16129050,10:40,84.2
July 19 2018,West,19,4,16129051,10:41,87.3
July 19 2018,West,19,5,16129052,10:41,94.3
July 19 2018,West,19,6,16129053,10:41,97.4
July 19 2018,West,19,7,16129054,10:42,89.8
July 19 2018,West,19,8,16129055,10:42,91.8
July 19 2018,West,19,9,16129056,10:42,90.4
July 19 2018,West,19,10,16129057,10:42,89.2
July 19 2018,West,19,11,16129058,10:42,95.2
July 19 2018,West,19,12,16129059,10:43,94.2
July 19 2018,West,19,13,16129060,10:43,109.3
July 19 2018,West,19,14,16129061,10:43,84.7
July 19 2018,West,19,15,16129062,10:44,85.4
July 19 2018,West,19,16,16129063,10:44,86.2
July 19 2018,West,19,17,16129064,10:44,92.5
July 19 2018,West,19,18,16129065,10:45,
July 19 2018,West,19,19,16129066,10:45,93.3
July 19 2018,West,19,20,16129067,10:45,91.1
July 19 2018,West,19,21,16129068,10:46,88.3
July 19 2018,West,19,22,16129069,10:46,99.5
July 19 2018,West,19,23,16129070,10:47,85.6
July 19 2018,West,19,24,16129071,10:47,89.9
July 19 2018,West,19,25,16129072,10:47,88.2
July 19 2018,West,19,26,16129073,10:48,94.7
July 19 2018,West,19,27,16129074,10:48,83.5
July 19 2018,West,19,28,16129075,10:48,84.1
July 19 2018,West,22,39,16113001,10:22,80.7
July 19 2018,West,22,40,16113002,10:22,84.9
July 19 2018,West,22,41,16113003,10:23,79.6
July 19 2018,West,22,42,16113004,10:23,81.9
July 19 2018,West,22,43,16113005,10:24,86.3
July 19 2018,West,22,44,16113006,10:25,85.1
July 19 2018,West,22,45,16113007,10:25,84.5
July 19 2018,West,22,46,16113008,10:25,79.9
July 19 2018,West,22,47,16113009,10:26,81
July 19 2018,West,22,48,16113010,10:26,79.8
July 19 2018,West,22,49,16113011,10:27,81.4
July 19 2018,West,22,50,16113012,10:27,78
July 19 2018,West,22,51,16113013,10:28,79.7
July 19 2018,West,22,52,16113014,10:28,76.9
July 19 2018,West,22,53,16113015,10:29,82.7
July 19 2018,West,22,54,16113016,10:30,77.1
July 19 2018,West,22,55,16113017,10:30,79.2
July 19 2018,West,22,56,16113018,10:30,78.1
July 19 2018,West,22,57,16113019,10:31,81.9
July 19 2018,West,22,58,16113020,10:31,77.1
July 19 2018,West,22,59,16113021,10:32,80.2
July 19 2018,West,22,60,16113022,10:32,76.9
July 19 2018,West,22,61,16113023,10:32,84.9
July 19 2018,West,22,62,16113024,10:33,79.7
July 19 2018,West,22,63,16113025,10:33,78.2
July 19 2018,West,22,64,16113026,10:34,87.8
July 19 2018,West,22,65,16113027,10:34,82.4
July 19 2018,West,22,66,16113028,10:35,81.8
July 19 2018,West,22,67,16113029,10:35,78.1
July 19 2018,West,22,68,16113030,10:36,85.1
July 19 2018,West,22,69,16113031,10:37,87.7
July 19 2018,West,22,70,16113032,10:37,85.5
July 19 2018,West,22,71,16113033,10:37,80.7
July 19 2018,West,22,72,16113034,10:37,79.9
July 19 2018,West,22,73,16113035,10:37,81.1
July 19 2018,West,22,74,16113036,10:38,79.4
July 19 2018,West,22,75,16113037,10:38,82.6
July 19 2018,West,22,76,16113038,10:38,78.6
July 19 2018,West,22,77,16113039,10:39,82.9
July 19 2018,West,22,78,16113040,10:39,88.1
July 19 2018,West,22,79,16113041,10:40,77.8
July 19 2018,West,22,80,16113042,10:40,83
July 19 2018,West,22,81,16113043,10:41,82.3
July 19 2018,West,22,82,16113044,10:41,84.7
July 19 2018,West,22,83,16113045,10:42,77.8
July 19 2018,West,22,84,16113046,10:43,
July 19 2018,West,22,85,16113047,10:43,81.5
July 19 2018,West,22,86,16113048,10:44,85.6
July 19 2018,West,22,87,16113049,10:44,91.3
July 19 2018,West,22,88,16113050,10:45,75
August 10 2018,West,14,104,16118001,9:54,95.7
August 10 2018,West,14,105,16118002,9:55,76.2
August 10 2018,West,15,1,16118003,9:04,84.8
August 10 2018,West,15,2,16118004,9:04,
August 10 2018,West,15,3,16118005,9:04,82.9
August 10 2018,West,15,4,16118006,9:05,85.6
August 10 2018,West,15,5,16118007,9:05,83.8
August 10 2018,West,15,6,16118008,9:06,86.3
August 10 2018,West,15,7,16118009,9:06,80.9
August 10 2018,West,15,8,16118010,9:07,85.9
August 10 2018,West,15,9,16118011,9:07,88.2
August 10 2018,West,15,10,16118012,9:08,83.2
August 10 2018,West,15,11,16118013,9:08,86
August 10 2018,West,15,12,16118014,9:08,89.2
August 10 2018,West,15,13,16118015,9:08,
August 10 2018,West,15,14,16118016,9:08,80.3
August 10 2018,West,15,15,16118017,9:09,78.4
August 10 2018,West,15,16,16118018,9:09,
August 10 2018,West,15,17,16118019,9:10,78.3
August 10 2018,West,15,18,16118020,9:10,86.4
August 10 2018,West,15,19,16118021,9:11,82.4
August 10 2018,West,15,20,16118022,9:11,78.1
August 10 2018,West,15,21,16118023,9:12,86.4
August 10 2018,West,15,22,16118024,9:12,84.9
August 10 2018,West,15,23,16118025,9:13,85.2
August 10 2018,West,15,24,16118026,9:13,83.6
August 10 2018,West,15,25,16118027,9:14,85.5
August 10 2018,West,15,26,16118028,9:14,87.1
August 10 2018,West,15,27,16118029,9:15,88.3
August 10 2018,West,15,28,16118030,9:15,
August 10 2018,West,15,29,16118031,9:16,
August 10 2018,West,15,30,16118032,9:16,83.1
August 10 2018,West,15,31,16118033,9:17,82.7
August 10 2018,West,15,32,16118034,9:18,
August 10 2018,West,15,33,16118035,9:18,81.8
August 10 2018,West,15,34,16118036,9:18,80.5
August 10 2018,West,15,35,16118037,9:18,91.9
August 10 2018,West,15,36,16118038,9:18,76.5
August 10 2018,West,15,37,16118039,9:19,83.7
August 10 2018,West,15,38,16118040,9:19,
August 10 2018,West,15,39,16118041,9:20,82.2
August 10 2018,West,15,40,16118042,9:20,84.4
August 10 2018,West,15,41,16118043,9:21,82.3
August 10 2018,West,15,42,16118044,9:22,78.7
August 10 2018,West,15,43,16118045,9:23,93.7
August 10 2018,West,15,44,16118046,9:24,81.3
August 10 2018,West,15,45,16118047,9:25,82
August 10 2018,West,15,46,16118048,9:25,84.5
August 10 2018,West,15,47,16118049,9:25,
August 10 2018,West,15,48,16118050,9:26,80.9
August 10 2018,West,15,49,16118051,9:26,
August 10 2018,West,15,50,16118052,9:26,
August 10 2018,West,15,51,16118053,9:27,88.7
August 10 2018,West,15,52,16118054,9:27,84.4
August 10 2018,West,15,53,16118055,9:28,89
August 10 2018,West,15,54,16118056,9:29,78.6
August 10 2018,West,15,55,16118057,9:30,85.6
August 10 2018,West,15,56,16118058,9:30,88
August 10 2018,West,15,57,16118059,9:30,82.7
August 10 2018,West,15,58,16118060,9:31,81.5
August 10 2018,West,15,59,16118061,9:31,89.8
August 10 2018,West,15,60,16118062,9:32,
August 10 2018,West,15,61,16118063,9:32,83.1
August 10 2018,West,15,62,16118064,9:33,92.1
August 10 2018,West,15,63,16118065,9:33,90.2
August 10 2018,West,15,64,16118066,9:34,87.3
August 10 2018,West,15,65,16118067,9:34,89.4
August 10 2018,West,15,66,16118068,9:35,81.2
August 10 2018,West,15,67,16118069,9:35,83.5
August 10 2018,West,15,68,16118070,9:36,83
August 10 2018,West,15,69,16118071,9:36,87.2
August 10 2018,West,15,70,16118072,9:37,89.8
August 10 2018,West,15,71,16118073,9:37,
August 10 2018,West,15,72,16118074,9:38,84.1
August 10 2018,West,15,73,16118075,9:38,
August 10 2018,West,15,74,16118076,9:38,90.9
August 10 2018,West,15,75,16118077,9:39,
August 10 2018,West,15,76,16118078,9:39,79.3
August 10 2018,West,15,77,16118079,9:39,83.9
August 10 2018,West,15,78,16118080,9:40,86.2
August 10 2018,West,15,79,16118081,9:40,91.8
August 10 2018,West,15,80,16118082,9:41,82.5
August 10 2018,West,15,81,16118083,9:41,87.9
August 10 2018,West,15,82,16118084,9:42,85.4
August 10 2018,West,15,83,16118085,9:43,90.7
August 10 2018,West,15,84,16118086,9:43,87.2
August 10 2018,West,15,85,16118087,9:44,
August 10 2018,West,15,86,16118088,9:44,86.5
August 10 2018,West,15,87,16118089,9:45,87.7
August 10 2018,West,15,88,16118090,9:45,89.7
August 10 2018,West,15,89,16118091,9:45,86.2
August 10 2018,West,15,90,16118092,9:45,85.6
August 10 2018,West,15,91,16118093,9:46,86.6
August 10 2018,West,15,92,16118094,9:46,90.1
August 10 2018,West,15,93,16118095,9:47,89.3
August 10 2018,West,15,94,16118096,9:47,93.3
August 10 2018,West,15,95,16118097,9:48,77.4
August 10 2018,West,15,96,16118098,9:49,88.4
August 10 2018,West,15,97,16118099,9:49,74.6
August 10 2018,West,15,98,16118100,9:49,88.8
August 10 2018,West,15,99,16118101,9:50,89.6
August 10 2018,West,15,100,16118102,9:50,82.1
August 10 2018,West,15,101,16118103,9:51,83.2
August 10 2018,West,15,102,16118104,9:51,85.4
August 10 2018,West,15,103,16118105,9:52,
August 10 2018,West,15,104,16118106,9:52,79.2
August 10 2018,West,15,105,16118107,9:53,71.1
August 10 2018,West,16,1,16118108,9:57,78.2
August 10 2018,West,16,2,16118109,9:57,81.7
August 10 2018,West,16,3,16118110,9:58,84.3
August 10 2018,West,16,4,16118111,9:59,
August 10 2018,West,16,5,16118112,10:00,85.2
August 10 2018,West,16,6,16118113,10:01,89.3
August 10 2018,West,16,7,16118114,10:02,89.9
August 10 2018,West,16,8,16118115,10:03,85.7
August 10 2018,West,16,9,16118116,10:04,89.1
August 10 2018,West,16,10,16118117,10:04,91.9
August 10 2018,West,16,11,16118118,10:04,
August 10 2018,West,16,12,16118119,10:04,83.9
August 10 2018,West,16,13,16118120,10:04,88.4
August 10 2018,West,16,14,16118121,10:04,
August 10 2018,West,16,15,16118122,10:04,81.9
August 10 2018,West,16,16,16118123,10:05,86.7
August 10 2018,West,16,17,16118124,10:05,90.4
August 10 2018,West,16,18,16118125,10:06,86.9
August 10 2018,West,16,19,16119001,10:06,77.4
August 10 2018,West,16,20,16119002,10:07,82.5
August 10 2018,West,16,21,16119003,10:08,94
August 10 2018,West,16,22,16119004,10:08,
August 10 2018,West,16,23,16119005,10:09,86.5
August 10 2018,West,16,24,16119006,10:10,84.4
August 10 2018,West,16,25,16119007,10:11,84.3
August 10 2018,West,16,26,16119008,10:11,84.4
August 10 2018,West,16,27,16119009,10:12,96.2
August 10 2018,West,16,28,16119010,10:12,91.3
August 10 2018,West,16,29,16119011,10:13,80.6
August 10 2018,West,16,30,16119012,10:13,80.7
August 10 2018,West,16,31,16119013,10:14,84.4
August 10 2018,West,16,32,16119014,10:15,84.7
August 10 2018,West,16,33,16119015,10:16,84.8
August 10 2018,West,16,34,16119016,10:17,84.9
August 10 2018,West,16,35,16119017,10:17,84.3
August 10 2018,West,16,36,16119018,10:17,82.4
August 10 2018,West,16,37,16119019,10:18,87.8
August 10 2018,West,16,38,16119020,10:18,94.1
August 10 2018,West,16,39,16119021,10:19,83.8
August 10 2018,West,16,40,16119022,10:19,80.4
August 10 2018,West,16,41,16119023,10:20,83.6
August 10 2018,West,16,42,16119024,10:20,83.8
August 10 2018,West,16,43,16119025,10:21,85.8
August 10 2018,West,16,44,16119026,10:22,86
August 10 2018,West,16,45,16119027,10:22,84.6
August 10 2018,West,16,46,16119028,10:23,81.8
August 10 2018,West,16,47,16119029,10:23,86.4
August 10 2018,West,16,48,16119030,10:24,83.8
August 10 2018,West,16,49,16119031,10:25,81.8
August 10 2018,West,16,50,16119032,10:25,84.7
August 10 2018,West,16,51,16119033,10:26,86.1
August 10 2018,West,16,52,16119034,10:26,86.5
August 10 2018,West,16,53,16119035,10:27,85.8
August 10 2018,West,16,54,16119036,10:28,86.1
August 10 2018,West,16,55,16119037,10:28,
August 10 2018,West,16,56,16119038,10:29,85.1
August 10 2018,West,16,57,16119039,10:30,85.7
August 10 2018,West,16,58,16119040,10:30,87.5
August 10 2018,West,16,59,16119041,10:31,85.9
August 10 2018,West,16,60,16119042,10:31,81.8
August 10 2018,West,16,61,16119043,10:32,83.3
August 10 2018,West,16,62,16119044,9:04,92.7
August 10 2018,West,16,63,16119045,9:05,89
August 10 2018,West,16,64,16119046,9:06,86.4
August 10 2018,West,16,65,16119047,9:07,
August 10 2018,West,16,66,16119048,9:07,
August 10 2018,West,16,67,16119049,9:07,86.1
August 10 2018,West,16,68,16119050,9:08,90.2
August 10 2018,West,16,69,16119051,9:09,91.3
August 10 2018,West,16,70,16119052,9:10,85
August 10 2018,West,16,71,16119053,9:10,84.7
August 10 2018,West,16,72,16119054,9:11,82
August 10 2018,West,16,73,16119055,9:12,85.1
August 10 2018,West,16,74,16119056,9:12,
August 10 2018,West,16,75,16119057,9:13,82.9
August 10 2018,West,16,76,16119058,9:13,
August 10 2018,West,16,77,16119059,9:13,
August 10 2018,West,16,78,16119060,9:13,80.3
August 10 2018,West,16,79,16119061,9:14,87.4
August 10 2018,West,16,80,16119062,9:15,87.8
August 10 2018,West,16,81,16119063,9:15,85.7
August 10 2018,West,16,82,16119064,9:15,
August 10 2018,West,16,83,16119065,9:16,78.8
August 10 2018,West,16,84,16119066,9:17,81.8
August 10 2018,West,16,85,16119067,9:17,80.1
August 10 2018,West,16,86,16119068,9:18,78.8
August 10 2018,West,16,87,16119069,9:19,79.2
August 10 2018,West,16,88,16119070,9:19,
August 10 2018,West,16,89,16119071,9:20,80.7
August 10 2018,West,16,90,16119072,9:21,74.8
August 10 2018,West,16,91,16119073,9:22,79.4
August 10 2018,West,16,92,16119074,9:22,76.9
August 10 2018,West,16,93,16119075,9:23,81.6
August 10 2018,West,16,94,16119076,9:24,82.7
August 10 2018,West,16,95,16119077,9:24,81.5
August 10 2018,West,16,96,16119078,9:25,85.8
August 10 2018,West,16,97,16119079,9:26,79.3
August 10 2018,West,16,98,16119080,9:32,81.9
August 10 2018,West,16,99,16119081,9:32,79.5
August 10 2018,West,16,100,16119082,9:33,83
August 10 2018,West,16,101,16119083,9:33,
August 10 2018,West,16,102,16119084,9:34,87.9
August 10 2018,West,16,103,16119085,9:34,88.8
August 10 2018,West,16,104,16119086,9:35,80.6
August 10 2018,West,16,105,16119087,9:35,88.7
August 10 2018,West,17,1,16119088,9:38,76.1
August 10 2018,West,17,2,16119089,9:39,72.7
August 10 2018,West,17,3,16119090,9:39,74.3
August 10 2018,West,17,4,16119091,9:40,84.7
August 10 2018,West,17,5,16119092,9:40,78.7
August 10 2018,West,17,6,16119093,9:41,73.8
August 10 2018,West,17,7,16119094,9:42,78.5
August 10 2018,West,17,8,16119095,9:42,79.8
August 10 2018,West,17,9,16119096,9:43,80.8
August 10 2018,West,17,10,16119097,9:44,79.1
August 10 2018,West,17,11,16119098,9:44,78
August 10 2018,West,17,12,16119099,9:45,75
August 10 2018,West,17,13,16119100,9:46,76.6
August 10 2018,West,17,14,16117001,9:47,76.3
August 10 2018,West,17,15,16117002,9:47,82.5
August 10 2018,West,17,16,16117003,9:48,81.6
August 10 2018,West,17,17,16117004,9:49,79.5
August 10 2018,West,17,18,16117005,9:49,77
August 10 2018,West,17,19,16117006,9:50,76.7
August 10 2018,West,17,20,16117007,9:51,78.1
August 10 2018,West,17,21,16117008,9:52,77.2
August 10 2018,West,17,22,16117009,9:52,79.2
August 10 2018,West,17,23,16117010,9:53,78.8
August 10 2018,West,17,24,16117011,9:54,84.1
August 10 2018,West,17,25,16117012,9:54,85.6
August 10 2018,West,17,26,16117013,9:54,79.1
August 10 2018,West,17,27,16117014,9:55,77.7
August 10 2018,West,17,28,16117015,9:56,81.9
August 10 2018,West,17,29,16117016,9:57,78
August 10 2018,West,17,30,16117017,9:57,76.8
August 10 2018,West,17,31,16117018,9:58,80.2
August 10 2018,West,17,32,16117019,9:58,78.2
August 10 2018,West,17,33,16117020,9:59,77.8
August 10 2018,West,17,34,16117021,9:59,76.3
August 10 2018,West,17,35,16117022,10:00,79
August 10 2018,West,17,36,16117023,10:01,76.5
August 10 2018,West,17,37,16117024,10:02,85.7
August 10 2018,West,17,38,16117025,10:02,82.6
August 10 2018,West,17,39,16117026,10:03,82.3
August 10 2018,West,17,40,16117027,10:03,79
August 10 2018,West,17,41,16117028,10:05,70.7
August 10 2018,West,17,42,16117029,10:05,75.1
August 10 2018,West,17,43,16117030,10:06,82
August 10 2018,West,17,44,16117031,10:06,
August 10 2018,West,17,45,16117032,10:07,90
August 10 2018,West,17,46,16117033,10:07,88.9
August 10 2018,West,17,47,16117034,10:08,87.9
August 10 2018,West,17,48,16117035,10:08,79.3
August 10 2018,West,17,49,16117036,10:09,77.7
August 10 2018,West,17,50,16117037,10:09,73.8
August 10 2018,West,17,51,16117038,10:10,76.8
August 10 2018,West,17,52,16117039,10:11,81.2
August 10 2018,West,17,53,16117040,10:11,
August 10 2018,West,17,54,16117041,10:12,75.1
August 10 2018,West,17,55,16117042,10:12,72.2
August 10 2018,West,17,56,16117043,10:13,81.2
August 10 2018,West,17,57,16117044,10:14,75.1
August 10 2018,West,17,58,16117045,10:14,90.4
August 10 2018,West,17,59,16117046,10:15,79.3
August 10 2018,West,17,60,16117047,10:16,79.5
August 10 2018,West,17,61,16117048,10:17,78.9
August 10 2018,West,17,62,16117049,10:18,77.2
August 10 2018,West,17,63,16117050,10:18,74.6
August 10 2018,West,17,64,16117051,10:18,
August 10 2018,West,17,65,16117052,10:18,77.1
August 10 2018,West,17,66,16117053,10:19,85.6
August 10 2018,West,17,67,16117054,10:19,
August 10 2018,West,17,68,16117055,10:20,78.6
August 10 2018,West,17,69,16117056,10:25,
August 10 2018,West,17,70,16117057,10:25,
August 10 2018,West,17,71,16117058,10:25,95.5
August 10 2018,West,17,72,16117059,10:26,85.5
August 10 2018,West,17,73,16117060,10:26,90.8
August 10 2018,West,17,74,16117061,10:27,
August 10 2018,West,17,75,16117062,10:27,85.2
August 10 2018,West,17,76,16117063,10:28,79.7
August 10 2018,West,17,77,16117064,10:28,78.4
August 10 2018,West,17,78,16117065,10:29,76.9
August 10 2018,West,17,79,16117066,10:29,79.7
August 10 2018,West,17,80,16117067,10:30,85.2
August 10 2018,West,17,81,16117068,10:30,77
August 10 2018,West,17,82,16117069,10:31,78.4
August 10 2018,West,17,83,16117070,10:32,80.5
August 10 2018,West,17,84,16117071,10:32,77.3
August 10 2018,West,17,85,16117072,10:34,79
August 10 2018,West,17,86,16117073,10:35,75.7
August 10 2018,West,17,87,16117074,10:35,78.4
August 10 2018,West,17,88,16117075,10:36,78.2
August 10 2018,West,17,89,16117076,10:37,77.7
August 10 2018,West,17,90,16117077,10:38,77
August 10 2018,West,17,91,16117078,10:38,80.9
August 10 2018,West,17,92,16117079,10:39,80.7
August 10 2018,West,17,93,16117080,10:39,78
August 10 2018,West,17,94,16117081,10:40,86.1
August 10 2018,West,17,95,16117082,10:40,80.5
August 10 2018,West,17,96,16117083,10:41,84.4
August 10 2018,West,17,97,16117084,10:38,86.1
August 10 2018,West,17,98,16117085,10:38,90
August 10 2018,West,17,99,16117086,10:38,
August 10 2018,West,17,100,16117087,10:39,88.7
August 10 2018,West,17,101,16117088,10:39,82.1
August 10 2018,West,17,102,16117089,10:39,89.1
August 10 2018,West,17,103,16117090,10:40,93.1
August 10 2018,West,17,104,16117091,10:41,98.4
August 10 2018,West,17,105,16117092,10:43,99.2
August 10 2018,West,18,1,16117093,10:45,86.1
August 10 2018,West,18,2,16117094,10:45,89.6
August 10 2018,West,18,3,16117095,10:45,95.5
August 10 2018,West,18,4,16117096,10:45,102
August 10 2018,West,18,5,16117097,10:45,93.2
August 10 2018,West,18,6,16117098,10:46,88.6
August 10 2018,West,18,7,16117099,10:46,86.9
August 10 2018,West,18,8,16117100,10:46,88.8
August 10 2018,West,18,9,16117101,10:46,87.7
August 10 2018,West,18,10,16117102,10:46,90.3
August 10 2018,West,18,11,16117103,10:47,86.6
August 10 2018,West,18,12,16117104,10:47,89.9
August 10 2018,West,18,13,16117105,10:47,90.8
August 10 2018,West,18,14,16117106,10:47,85
August 10 2018,West,18,15,16117107,10:47,72.8
August 10 2018,West,18,16,16117108,10:48,86.4
August 10 2018,West,18,17,16117109,10:48,90.3
August 10 2018,West,18,18,16117110,10:48,83.9
August 10 2018,West,18,19,16117111,10:49,94.6
August 10 2018,West,18,20,16117112,9:06,
August 10 2018,West,18,21,16117113,9:09,79.6
August 10 2018,West,18,22,16117114,9:11,79.1
August 10 2018,West,18,23,16117115,9:13,80.2
August 10 2018,West,18,24,16117116,9:13,83.3
August 10 2018,West,18,25,16117117,9:14,78.8
August 10 2018,West,18,26,16117118,9:14,77.8
August 10 2018,West,18,27,16117119,9:15,78.8
August 10 2018,West,18,28,16117120,9:16,80.5
August 10 2018,West,18,29,16117121,9:16,85.2
August 10 2018,West,18,30,16117122,9:17,78.8
August 10 2018,West,18,31,16117123,9:17,80.3
August 10 2018,West,18,32,16117124,9:18,73.5
August 10 2018,West,18,33,16117125,9:18,74.4
August 10 2018,West,18,34,16117126,9:19,75.2
August 10 2018,West,18,35,16117127,9:19,76.5
August 10 2018,West,18,36,16117128,9:20,70.7
August 10 2018,West,18,37,16117129,9:20,75.6
August 10 2018,West,18,38,16117130,9:21,75.4
August 10 2018,West,18,39,16117131,9:22,75
August 10 2018,West,18,40,16117132,9:22,83.6
August 10 2018,West,18,41,16117133,9:22,77.9
August 10 2018,West,18,42,16117134,9:23,78.5
August 10 2018,West,18,43,16117135,9:23,80
August 10 2018,West,18,44,16117136,9:24,81.9
August 10 2018,West,18,45,16117137,9:25,79.1
August 10 2018,West,18,46,16117138,9:26,85.3
August 10 2018,West,18,47,16117139,9:27,86
August 10 2018,West,18,48,16117140,9:29,75.1
August 10 2018,West,18,49,16117141,9:29,78.4
August 10 2018,West,18,50,16117142,9:29,82.6
August 10 2018,West,18,51,16117143,9:30,79.5
August 10 2018,West,18,52,16117144,9:30,77.1
August 10 2018,West,18,53,16117145,9:31,79.5
August 10 2018,West,18,54,16117146,9:31,80.7
August 10 2018,West,18,55,16117147,9:31,78.3
August 10 2018,West,18,56,16117148,9:32,77.4
August 10 2018,West,18,57,16117149,9:32,
August 10 2018,West,18,58,16117150,9:33,78.8
August 10 2018,West,18,59,16129001,9:33,79.7
August 10 2018,West,18,60,16129002,9:33,80.6
August 10 2018,West,18,61,16129003,9:34,79.4
August 10 2018,West,18,62,16129004,9:34,
August 10 2018,West,18,63,16129005,9:35,80.9
August 10 2018,West,18,64,16129006,9:35,
August 10 2018,West,18,65,16129007,9:36,78.9
August 10 2018,West,18,66,16129008,9:36,84.8
August 10 2018,West,18,67,16129009,9:37,78.9
August 10 2018,West,18,68,16129010,9:37,77.2
August 10 2018,West,18,69,16129011,9:38,78.3
August 10 2018,West,18,70,16129012,9:38,78.9
August 10 2018,West,18,71,16129013,9:39,79.4
August 10 2018,West,18,72,16129014,9:40,74.4
August 10 2018,West,18,73,16129015,9:47,80.7
August 10 2018,West,18,74,16129016,9:47,84.5
August 10 2018,West,18,75,16129017,9:48,83.1
August 10 2018,West,18,76,16129018,9:48,81.7
August 10 2018,West,18,77,16129019,9:48,79.5
August 10 2018,West,18,78,16129020,9:49,75.7
August 10 2018,West,18,79,16129021,9:50,76.3
August 10 2018,West,18,80,16129022,9:50,78.6
August 10 2018,West,18,81,16129023,9:50,78.3
August 10 2018,West,18,82,16129024,9:51,77.3
August 10 2018,West,18,83,16129025,9:51,80.3
August 10 2018,West,18,84,16129026,9:51,87.1
August 10 2018,West,18,85,16129027,9:51,78.5
August 10 2018,West,18,86,16129028,9:51,
August 10 2018,West,18,87,16129029,9:52,86.2
August 10 2018,West,18,88,16129030,9:52,86.1
August 10 2018,West,18,89,16129031,9:52,
August 10 2018,West,18,90,16129032,9:52,
August 10 2018,West,18,91,16129033,9:52,88.9
August 10 2018,West,18,92,16129034,9:53,74.3
August 10 2018,West,18,93,16129035,9:53,77.4
August 10 2018,West,18,94,16129036,9:53,78
August 10 2018,West,18,95,16129037,9:53,76.7
August 10 2018,West,18,96,16129038,9:54,79
August 10 2018,West,18,97,16129039,9:54,
August 10 2018,West,18,98,16129040,9:55,77.9
August 10 2018,West,18,99,16129041,9:55,76.9
August 10 2018,West,18,100,16129042,9:56,74.7
August 10 2018,West,18,101,16129043,9:57,76.2
August 10 2018,West,18,102,16129044,9:57,83.5
August 10 2018,West,18,103,16129045,9:57,85.1
August 10 2018,West,18,104,16129046,9:58,85
August 10 2018,West,18,105,16129047,9:59,89.4
August 10 2018,West,19,1,16129048,10:06,86.2
August 10 2018,West,19,2,16129049,10:06,94
August 10 2018,West,19,3,16129050,10:06,86.4
August 10 2018,West,19,4,16129051,10:06,88.8
August 10 2018,West,19,5,16129052,10:06,86.8
August 10 2018,West,19,6,16129053,10:07,84.4
August 10 2018,West,19,7,16129054,10:07,79
August 10 2018,West,19,8,16129055,10:07,83.5
August 10 2018,West,19,9,16129056,10:08,81.8
August 10 2018,West,19,10,16129057,10:08,87.5
August 10 2018,West,19,11,16129058,10:09,80.6
August 10 2018,West,19,12,16129059,10:09,84.5
August 10 2018,West,19,13,16129060,10:09,77.5
August 10 2018,West,19,14,16129061,10:10,79.3
August 10 2018,West,19,15,16129062,10:10,79.3
August 10 2018,West,19,16,16129063,10:10,79.7
August 10 2018,West,19,17,16129064,10:11,75.3
August 10 2018,West,19,18,16129065,10:11,
August 10 2018,West,19,19,16129066,10:11,78.6
August 10 2018,West,19,20,16129067,10:12,79.5
August 10 2018,West,19,21,16129068,10:12,81.5
August 10 2018,West,19,22,16129069,10:13,80.9
August 10 2018,West,19,23,16129070,10:13,79.6
August 10 2018,West,19,24,16129071,10:14,79.2
August 10 2018,West,19,25,16129072,10:14,79.4
August 10 2018,West,19,26,16129073,10:15,77.8
August 10 2018,West,19,27,16129074,10:15,78.8
August 10 2018,West,19,28,16129075,10:16,79.4
August 10 2018,West,22,39,16113001,10:21,78.9
August 10 2018,West,22,40,16113002,10:21,78.2
August 10 2018,West,22,41,16113003,10:22,77.3
August 10 2018,West,22,42,16113004,10:22,80.9
August 10 2018,West,22,43,16113005,10:23,75.9
August 10 2018,West,22,44,16113006,10:23,79.1
August 10 2018,West,22,45,16113007,10:23,76.6
August 10 2018,West,22,46,16113008,10:23,80.1
August 10 2018,West,22,47,16113009,10:24,79.9
August 10 2018,West,22,48,16113010,10:24,77.6
August 10 2018,West,22,49,16113011,10:24,78.9
August 10 2018,West,22,50,16113012,10:25,77
August 10 2018,West,22,51,16113013,10:25,77
August 10 2018,West,22,52,16113014,10:26,79.9
August 10 2018,West,22,53,16113015,10:26,79.8
August 10 2018,West,22,54,16113016,10:27,83.7
August 10 2018,West,22,55,16113017,10:28,78.1
August 10 2018,West,22,56,16113018,10:28,80.5
August 10 2018,West,22,57,16113019,10:29,79.1
August 10 2018,West,22,58,16113020,10:30,77.5
August 10 2018,West,22,59,16113021,10:30,79.7
August 10 2018,West,22,60,16113022,10:31,81.1
August 10 2018,West,22,61,16113023,10:31,82.5
August 10 2018,West,22,62,16113024,10:32,82.4
August 10 2018,West,22,63,16113025,10:32,77
August 10 2018,West,22,64,16113026,10:33,79.5
August 10 2018,West,22,65,16113027,10:33,79.7
August 10 2018,West,22,66,16113028,10:33,83.1
August 10 2018,West,22,67,16113029,10:34,80.8
August 10 2018,West,22,68,16113030,10:34,84.9
August 10 2018,West,22,69,16113031,10:35,81.8
August 10 2018,West,22,70,16113032,10:36,80.7
August 10 2018,West,22,71,16113033,10:36,80
August 10 2018,West,22,72,16113034,10:37,82.2
August 10 2018,West,22,73,16113035,10:37,82.1
August 10 2018,West,22,74,16113036,10:38,84.9
August 10 2018,West,22,75,16113037,10:39,83.2
August 10 2018,West,22,76,16113038,10:39,82
August 10 2018,West,22,77,16113039,10:40,83.4
August 10 2018,West,22,78,16113040,10:41,88.7
August 10 2018,West,22,79,16113041,10:42,80.3
August 10 2018,West,22,80,16113042,10:42,85.1
August 10 2018,West,22,81,16113043,10:42,88.9
August 10 2018,West,22,82,16113044,10:42,85.4
August 10 2018,West,22,83,16113045,10:43,81.6
August 10 2018,West,22,84,16113046,10:43,77.2
August 10 2018,West,22,85,16113047,10:44,77.5
August 10 2018,West,22,86,16113048,10:45,79.4
August 10 2018,West,22,87,16113049,10:46,76.9
August 10 2018,West,22,88,16113050,10:47,76.1
July 24 2019,West,14,104,16118001,13:40,96
July 24 2019,West,14,105,16118002,13:40,97
July 24 2019,West,15,1,16118003,11:35,
July 24 2019,West,15,2,16118004,11:35,93.7
July 24 2019,West,15,3,16118005,11:35,100.3
July 24 2019,West,15,4,16118006,11:36,95.4
July 24 2019,West,15,5,16118007,11:37,91.9
July 24 2019,West,15,6,16118008,11:37,94.6
July 24 2019,West,15,7,16118009,11:38,97.2
July 24 2019,West,15,8,16118010,11:39,95.9
July 24 2019,West,15,9,16118011,11:40,92.9
July 24 2019,West,15,10,16118012,11:40,97
July 24 2019,West,15,11,16118013,11:41,92.9
July 24 2019,West,15,12,16118014,11:41,98.1
July 24 2019,West,15,13,16118015,11:42,
July 24 2019,West,15,14,16118016,11:42,92.4
July 24 2019,West,15,15,16118017,11:42,91.6
July 24 2019,West,15,16,16118018,11:43,
July 24 2019,West,15,17,16118019,11:44,91.9
July 24 2019,West,15,18,16118020,11:44,94
July 24 2019,West,15,19,16118021,11:45,87.8
July 24 2019,West,15,20,16118022,11:45,90.4
July 24 2019,West,15,21,16118023,11:46,89
July 24 2019,West,15,22,16118024,11:46,95.9
July 24 2019,West,15,23,16118025,11:47,94.7
July 24 2019,West,15,24,16118026,11:47,96.1
July 24 2019,West,15,25,16118027,11:48,92.9
July 24 2019,West,15,26,16118028,11:48,97
July 24 2019,West,15,27,16118029,11:49,93.7
July 24 2019,West,15,28,16118030,11:50,91.8
July 24 2019,West,15,29,16118031,11:50,
July 24 2019,West,15,30,16118032,11:51,88.4
July 24 2019,West,15,31,16118033,11:51,95.5
July 24 2019,West,15,32,16118034,11:52,96.6
July 24 2019,West,15,33,16118035,11:52,87.5
July 24 2019,West,15,34,16118036,11:53,88.2
July 24 2019,West,15,35,16118037,11:53,99.5
July 24 2019,West,15,36,16118038,11:54,87.3
July 24 2019,West,15,37,16118039,11:55,89.4
July 24 2019,West,15,38,16118040,11:55,
July 24 2019,West,15,39,16118041,11:56,91.4
July 24 2019,West,15,40,16118042,11:57,90.4
July 24 2019,West,15,41,16118043,11:58,
July 24 2019,West,15,42,16118044,11:59,88.7
July 24 2019,West,15,43,16118045,12:00,90.4
July 24 2019,West,15,44,16118046,12:00,96.2
July 24 2019,West,15,45,16118047,12:01,92.8
July 24 2019,West,15,46,16118048,12:01,84.7
July 24 2019,West,15,47,16118049,12:02,
July 24 2019,West,15,48,16118050,12:02,88.1
July 24 2019,West,15,49,16118051,12:03,
July 24 2019,West,15,50,16118052,12:03,
July 24 2019,West,15,51,16118053,12:04,86.9
July 24 2019,West,15,52,16118054,12:04,86.4
July 24 2019,West,15,53,16118055,12:05,
July 24 2019,West,15,54,16118056,12:05,86.3
July 24 2019,West,15,55,16118057,12:06,92.6
July 24 2019,West,15,56,16118058,12:06,
July 24 2019,West,15,57,16118059,12:07,89.5
July 24 2019,West,15,58,16118060,12:07,97.4
July 24 2019,West,15,59,16118061,12:08,94.5
July 24 2019,West,15,60,16118062,12:08,
July 24 2019,West,15,61,16118063,12:09,93.2
July 24 2019,West,15,62,16118064,12:10,92.6
July 24 2019,West,15,63,16118065,12:10,89
July 24 2019,West,15,64,16118066,12:11,
July 24 2019,West,15,65,16118067,12:11,84.9
July 24 2019,West,15,66,16118068,12:12,91.8
July 24 2019,West,15,67,16118069,12:12,92.6
July 24 2019,West,15,68,16118070,12:13,91.3
July 24 2019,West,15,69,16118071,12:13,91.8
July 24 2019,West,15,70,16118072,12:14,90.7
July 24 2019,West,15,71,16118073,12:15,
July 24 2019,West,15,72,16118074,12:15,89.8
July 24 2019,West,15,73,16118075,12:15,
July 24 2019,West,15,74,16118076,12:16,87
July 24 2019,West,15,75,16118077,12:16,
July 24 2019,West,15,76,16118078,12:17,88.3
July 24 2019,West,15,77,16118079,12:17,87.1
July 24 2019,West,15,78,16118080,12:18,92.1
July 24 2019,West,15,79,16118081,12:18,89.8
July 24 2019,West,15,80,16118082,12:19,91.7
July 24 2019,West,15,81,16118083,12:19,89
July 24 2019,West,15,82,16118084,12:20,90.7
July 24 2019,West,15,83,16118085,12:20,86.1
July 24 2019,West,15,84,16118086,12:21,90.7
July 24 2019,West,15,85,16118087,12:21,92.5
July 24 2019,West,15,86,16118088,12:22,89.6
July 24 2019,West,15,87,16118089,12:23,89.5
July 24 2019,West,15,88,16118090,12:23,87.7
July 24 2019,West,15,89,16118091,12:24,94.1
July 24 2019,West,15,90,16118092,12:25,95.2
July 24 2019,West,15,91,16118093,12:25,96.2
July 24 2019,West,15,92,16118094,12:26,90.4
July 24 2019,West,15,93,16118095,12:27,91
July 24 2019,West,15,94,16118096,12:27,90.2
July 24 2019,West,15,95,16118097,12:28,90.5
July 24 2019,West,15,96,16118098,12:29,86.4
July 24 2019,West,15,97,16118099,12:30,91.2
July 24 2019,West,15,98,16118100,12:30,94.5
July 24 2019,West,15,99,16118101,12:31,90.2
July 24 2019,West,15,100,16118102,12:31,96.7
July 24 2019,West,15,101,16118103,12:32,90.8
July 24 2019,West,15,102,16118104,12:33,91.7
July 24 2019,West,15,103,16118105,12:33,
July 24 2019,West,15,104,16118106,12:34,90.8
July 24 2019,West,15,105,16118107,12:35,94.5
July 24 2019,West,16,1,16118108,13:20,87.4
July 24 2019,West,16,2,16118109,13:20,90.9
July 24 2019,West,16,3,16118110,13:20,88.6
July 24 2019,West,16,4,16118111,13:21,
July 24 2019,West,16,5,16118112,13:21,85.9
July 24 2019,West,16,6,16118113,13:22,91
July 24 2019,West,16,7,16118114,13:22,89.5
July 24 2019,West,16,8,16118115,13:23,96.8
July 24 2019,West,16,9,16118116,13:23,94.5
July 24 2019,West,16,10,16118117,13:23,
July 24 2019,West,16,11,16118118,13:24,
July 24 2019,West,16,12,16118119,13:24,101.8
July 24 2019,West,16,13,16118120,13:25,96.6
July 24 2019,West,16,14,16118121,13:25,
July 24 2019,West,16,15,16118122,13:26,97.8
July 24 2019,West,16,16,16118123,13:26,92.8
July 24 2019,West,16,17,16118124,13:26,99.7
July 24 2019,West,16,18,16118125,13:27,97.9
July 24 2019,West,16,19,16119001,13:27,98.2
July 24 2019,West,16,20,16119002,13:28,96.5
July 24 2019,West,16,21,16119003,13:28,97
July 24 2019,West,16,22,16119004,13:29,96.7
July 24 2019,West,16,23,16119005,13:29,96.6
July 24 2019,West,16,24,16119006,13:30,97.8
July 24 2019,West,16,25,16119007,13:30,96.5
July 24 2019,West,16,26,16119008,13:30,98.5
July 24 2019,West,16,27,16119009,13:30,98.4
July 24 2019,West,16,28,16119010,13:31,93.6
July 24 2019,West,16,29,16119011,13:31,97.7
July 24 2019,West,16,30,16119012,13:31,97.6
July 24 2019,West,16,31,16119013,13:32,94.9
July 24 2019,West,16,32,16119014,13:32,92.5
July 24 2019,West,16,33,16119015,13:32,98.3
July 24 2019,West,16,34,16119016,13:32,95.3
July 24 2019,West,16,35,16119017,13:33,94.4
July 24 2019,West,16,36,16119018,13:33,95.2
July 24 2019,West,16,37,16119019,13:33,96.1
July 24 2019,West,16,38,16119020,13:34,98.6
July 24 2019,West,16,39,16119021,13:34,94.3
July 24 2019,West,16,40,16119022,13:34,95.4
July 24 2019,West,16,41,16119023,13:35,97.3
July 24 2019,West,16,42,16119024,13:35,96.4
July 24 2019,West,16,43,16119025,13:35,97
July 24 2019,West,16,44,16119026,13:35,96.6
July 24 2019,West,16,45,16119027,13:36,96.4
July 24 2019,West,16,46,16119028,13:36,93.5
July 24 2019,West,16,47,16119029,13:36,93.5
July 24 2019,West,16,48,16119030,13:37,96.5
July 24 2019,West,16,49,16119031,13:37,93.7
July 24 2019,West,16,50,16119032,13:37,93.1
July 24 2019,West,16,51,16119033,13:38,94.1
July 24 2019,West,16,52,16119034,13:38,97.8
July 24 2019,West,16,53,16119035,13:38,95.7
July 24 2019,West,16,54,16119036,13:39,97.5
July 24 2019,West,16,55,16119037,13:39,
July 24 2019,West,16,56,16119038,13:39,93.3
July 24 2019,West,16,57,16119039,13:40,95.6
July 24 2019,West,16,58,16119040,11:38,88.3
July 24 2019,West,16,59,16119041,11:40,
July 24 2019,West,16,60,16119042,11:40,88.5
July 24 2019,West,16,61,16119043,11:41,86.8
July 24 2019,West,16,62,16119044,11:42,83.5
July 24 2019,West,16,63,16119045,11:42,
July 24 2019,West,16,64,16119046,11:43,88.2
July 24 2019,West,16,65,16119047,11:43,
July 24 2019,West,16,66,16119048,11:43,
July 24 2019,West,16,67,16119049,11:44,89.3
July 24 2019,West,16,68,16119050,11:45,87.5
July 24 2019,West,16,69,16119051,11:45,87.1
July 24 2019,West,16,70,16119052,11:46,86.9
July 24 2019,West,16,71,16119053,11:47,87.7
July 24 2019,West,16,72,16119054,11:48,86.8
July 24 2019,West,16,73,16119055,11:49,88.2
July 24 2019,West,16,74,16119056,11:49,
July 24 2019,West,16,75,16119057,11:49,90.1
July 24 2019,West,16,76,16119058,11:50,88.9
July 24 2019,West,16,77,16119059,11:50,85.5
July 24 2019,West,16,78,16119060,11:51,97.2
July 24 2019,West,16,79,16119061,11:51,91.5
July 24 2019,West,16,80,16119062,11:52,88.2
July 24 2019,West,16,81,16119063,11:52,88.6
July 24 2019,West,16,82,16119064,11:53,87.9
July 24 2019,West,16,83,16119065,11:54,89.5
July 24 2019,West,16,84,16119066,11:55,88.9
July 24 2019,West,16,85,16119067,11:56,85.7
July 24 2019,West,16,86,16119068,11:56,86.2
July 24 2019,West,16,87,16119069,11:57,95
July 24 2019,West,16,88,16119070,11:57,
July 24 2019,West,16,89,16119071,11:58,89.1
July 24 2019,West,16,90,16119072,11:59,86.9
July 24 2019,West,16,91,16119073,11:59,95.6
July 24 2019,West,16,92,16119074,12:00,91.1
July 24 2019,West,16,93,16119075,12:00,91
July 24 2019,West,16,94,16119076,12:01,89
July 24 2019,West,16,95,16119077,12:02,87.6
July 24 2019,West,16,96,16119078,12:02,85.3
July 24 2019,West,16,97,16119079,12:03,84.9
July 24 2019,West,16,98,16119080,12:04,81.9
July 24 2019,West,16,99,16119081,12:05,86.3
July 24 2019,West,16,100,16119082,12:05,86
July 24 2019,West,16,101,16119083,12:06,
July 24 2019,West,16,102,16119084,12:06,
July 24 2019,West,16,103,16119085,12:07,87.6
July 24 2019,West,16,104,16119086,12:08,91.1
July 24 2019,West,16,105,16119087,12:09,89.9
July 24 2019,West,17,1,16119088,12:15,94.1
July 24 2019,West,17,2,16119089,12:16,89.9
July 24 2019,West,17,3,16119090,12:17,91.2
July 24 2019,West,17,4,16119091,12:18,90.6
July 24 2019,West,17,5,16119092,12:18,89.8
July 24 2019,West,17,6,16119093,12:19,93.8
July 24 2019,West,17,7,16119094,12:20,92.6
July 24 2019,West,17,8,16119095,12:20,90.1
July 24 2019,West,17,9,16119096,12:21,89.7
July 24 2019,West,17,10,16119097,12:21,91.4
July 24 2019,West,17,11,16119098,12:22,89
July 24 2019,West,17,12,16119099,12:22,86.3
July 24 2019,West,17,13,16119100,12:23,90.7
July 24 2019,West,17,14,16117001,12:23,93.4
July 24 2019,West,17,15,16117002,12:24,94.4
July 24 2019,West,17,16,16117003,12:25,91.1
July 24 2019,West,17,17,16117004,12:27,100.8
July 24 2019,West,17,18,16117005,12:28,98.3
July 24 2019,West,17,19,16117006,12:28,91.7
July 24 2019,West,17,20,16117007,12:29,93.6
July 24 2019,West,17,21,16117008,12:29,92
July 24 2019,West,17,22,16117009,12:30,92.3
July 24 2019,West,17,23,16117010,12:31,90.5
July 24 2019,West,17,24,16117011,12:31,90.9
July 24 2019,West,17,25,16117012,12:31,
July 24 2019,West,17,26,16117013,12:32,94.5
July 24 2019,West,17,27,16117014,12:32,93.2
July 24 2019,West,17,28,16117015,12:33,90.5
July 24 2019,West,17,29,16117016,12:35,96.1
July 24 2019,West,17,30,16117017,12:35,102.5
July 24 2019,West,17,31,16117018,12:35,93.6
July 24 2019,West,17,32,16117019,12:36,93.4
July 24 2019,West,17,33,16117020,12:37,91.9
July 24 2019,West,17,34,16117021,12:37,87.5
July 24 2019,West,17,35,16117022,12:38,89.5
July 24 2019,West,17,36,16117023,12:38,91.6
July 24 2019,West,17,37,16117024,12:39,96.5
July 24 2019,West,17,38,16117025,12:39,90
July 24 2019,West,17,39,16117026,12:39,95.8
July 24 2019,West,17,40,16117027,12:40,89.4
July 24 2019,West,17,41,16117028,12:40,93.8
July 24 2019,West,17,42,16117029,12:41,91.9
July 24 2019,West,17,43,16117030,12:41,91.6
July 24 2019,West,17,44,16117031,12:41,
July 24 2019,West,17,45,16117032,12:42,90.3
July 24 2019,West,17,46,16117033,12:42,96.2
July 24 2019,West,17,47,16117034,12:43,100
July 24 2019,West,17,48,16117035,12:43,91.8
July 24 2019,West,17,49,16117036,12:44,95.1
July 24 2019,West,17,50,16117037,12:44,93.1
July 24 2019,West,17,51,16117038,12:46,94.6
July 24 2019,West,17,52,16117039,12:46,95.2
July 24 2019,West,17,53,16117040,12:46,
July 24 2019,West,17,54,16117041,12:47,93.3
July 24 2019,West,17,55,16117042,12:47,93.6
July 24 2019,West,17,56,16117043,12:48,91.7
July 24 2019,West,17,57,16117044,12:48,92.9
July 24 2019,West,17,58,16117045,12:49,101.7
July 24 2019,West,17,59,16117046,12:49,94.6
July 24 2019,West,17,60,16117047,12:50,93.6
July 24 2019,West,17,61,16117048,12:50,91.2
July 24 2019,West,17,62,16117049,12:51,90
July 24 2019,West,17,63,16117050,12:51,92
July 24 2019,West,17,64,16117051,12:51,
July 24 2019,West,17,65,16117052,12:52,103.1
July 24 2019,West,17,66,16117053,12:52,93.1
July 24 2019,West,17,67,16117054,12:53,90.6
July 24 2019,West,17,68,16117055,12:53,91.4
July 24 2019,West,17,69,16117056,12:53,106.9
July 24 2019,West,17,70,16117057,12:53,
July 24 2019,West,17,71,16117058,12:54,89.3
July 24 2019,West,17,72,16117059,12:54,89.4
July 24 2019,West,17,73,16117060,12:55,96
July 24 2019,West,17,74,16117061,12:55,
July 24 2019,West,17,75,16117062,12:55,90.9
July 24 2019,West,17,76,16117063,12:56,92.9
July 24 2019,West,17,77,16117064,12:57,91.5
July 24 2019,West,17,78,16117065,12:57,92.8
July 24 2019,West,17,79,16117066,12:57,96.3
July 24 2019,West,17,80,16117067,12:58,100.3
July 24 2019,West,17,81,16117068,12:58,92.7
July 24 2019,West,17,82,16117069,12:59,88.9
July 24 2019,West,17,83,16117070,12:59,93
July 24 2019,West,17,84,16117071,13:00,91.5
July 24 2019,West,17,85,16117072,13:00,95.1
July 24 2019,West,17,86,16117073,13:01,96.5
July 24 2019,West,17,87,16117074,13:01,98.8
July 24 2019,West,17,88,16117075,13:01,100.8
July 24 2019,West,17,89,16117076,13:02,96.4
July 24 2019,West,17,90,16117077,13:02,95.4
July 24 2019,West,17,91,16117078,13:02,102.7
July 24 2019,West,17,92,16117079,13:03,101.9
July 24 2019,West,17,93,16117080,13:03,98.7
July 24 2019,West,17,94,16117081,13:04,99.6
July 24 2019,West,17,95,16117082,13:04,94.6
July 24 2019,West,17,96,16117083,13:04,102
July 24 2019,West,17,97,16117084,13:05,96.1
July 24 2019,West,17,98,16117085,13:05,97.6
July 24 2019,West,17,99,16117086,13:06,
July 24 2019,West,17,100,16117087,13:06,98.4
July 24 2019,West,17,101,16117088,13:07,95.7
July 24 2019,West,17,102,16117089,13:07,93.9
July 24 2019,West,17,103,16117090,13:08,94.7
July 24 2019,West,17,104,16117091,13:08,94.7
July 24 2019,West,17,105,16117092,13:08,96.2
July 24 2019,West,18,1,16117093,13:13,90.2
July 24 2019,West,18,2,16117094,13:13,88
July 24 2019,West,18,3,16117095,13:14,95.4
July 24 2019,West,18,4,16117096,13:14,92.3
July 24 2019,West,18,5,16117097,13:15,98.4
July 24 2019,West,18,6,16117098,13:15,93.3
July 24 2019,West,18,7,16117099,13:16,104.7
July 24 2019,West,18,8,16117100,13:16,93.7
July 24 2019,West,18,9,16117101,13:17,95.6
July 24 2019,West,18,10,16117102,13:17,94.4
July 24 2019,West,18,11,16117103,13:18,94
July 24 2019,West,18,12,16117104,11:38,99.5
July 24 2019,West,18,13,16117105,11:38,95.1
July 24 2019,West,18,14,16117106,11:39,85.1
July 24 2019,West,18,15,16117107,11:40,88.8
July 24 2019,West,18,16,16117108,11:41,92.3
July 24 2019,West,18,17,16117109,11:41,81.4
July 24 2019,West,18,18,16117110,11:42,83.9
July 24 2019,West,18,19,16117111,11:43,86.4
July 24 2019,West,18,20,16117112,11:44,89.5
July 24 2019,West,18,21,16117113,11:45,80.5
July 24 2019,West,18,22,16117114,11:45,80.5
July 24 2019,West,18,23,16117115,11:46,88
July 24 2019,West,18,24,16117116,11:46,100.7
July 24 2019,West,18,25,16117117,11:47,81
July 24 2019,West,18,26,16117118,11:47,88.4
July 24 2019,West,18,27,16117119,11:49,87.2
July 24 2019,West,18,28,16117120,11:49,98.2
July 24 2019,West,18,29,16117121,11:50,98.6
July 24 2019,West,18,30,16117122,11:50,92.9
July 24 2019,West,18,31,16117123,11:51,89.9
July 24 2019,West,18,32,16117124,11:51,83.6
July 24 2019,West,18,33,16117125,11:52,88.2
July 24 2019,West,18,34,16117126,11:53,95.8
July 24 2019,West,18,35,16117127,11:54,92.3
July 24 2019,West,18,36,16117128,11:54,85.1
July 24 2019,West,18,37,16117129,11:55,81.8
July 24 2019,West,18,38,16117130,11:56,83.8
July 24 2019,West,18,39,16117131,11:56,84.3
July 24 2019,West,18,40,16117132,11:57,87.9
July 24 2019,West,18,41,16117133,11:58,82
July 24 2019,West,18,42,16117134,11:58,85.9
July 24 2019,West,18,43,16117135,11:59,96.6
July 24 2019,West,18,44,16117136,12:00,88.5
July 24 2019,West,18,45,16117137,12:00,86.4
July 24 2019,West,18,46,16117138,12:01,101
July 24 2019,West,18,47,16117139,12:01,92
July 24 2019,West,18,48,16117140,12:02,82.9
July 24 2019,West,18,49,16117141,12:03,90.3
July 24 2019,West,18,50,16117142,12:03,100.4
July 24 2019,West,18,51,16117143,12:04,84.8
July 24 2019,West,18,52,16117144,12:04,93.4
July 24 2019,West,18,53,16117145,12:06,82.6
July 24 2019,West,18,54,16117146,12:06,83
July 24 2019,West,18,55,16117147,12:07,88.4
July 24 2019,West,18,56,16117148,12:08,83.8
July 24 2019,West,18,57,16117149,12:08,NA
July 24 2019,West,18,58,16117150,12:08,85.9
July 24 2019,West,18,59,16129001,12:09,90.6
July 24 2019,West,18,60,16129002,12:09,90.7
July 24 2019,West,18,61,16129003,12:10,87.9
July 24 2019,West,18,62,16129004,12:10,NA
July 24 2019,West,18,63,16129005,12:11,89.5
July 24 2019,West,18,64,16129006,12:11,NA
July 24 2019,West,18,65,16129007,12:12,92.4
July 24 2019,West,18,66,16129008,12:12,NA
July 24 2019,West,18,67,16129009,12:12,95
July 24 2019,West,18,68,16129010,12:13,86.4
July 24 2019,West,18,69,16129011,12:14,86.7
July 24 2019,West,18,70,16129012,12:14,90.6
July 24 2019,West,18,71,16129013,12:15,88.7
July 24 2019,West,18,72,16129014,12:16,89.6
July 24 2019,West,18,73,16129015,12:16,89.5
July 24 2019,West,18,74,16129016,12:17,85.5
July 24 2019,West,18,75,16129017,12:17,87.2
July 24 2019,West,18,76,16129018,12:18,85.6
July 24 2019,West,18,77,16129019,12:19,83.3
July 24 2019,West,18,78,16129020,12:20,81.5
July 24 2019,West,18,79,16129021,12:21,86.7
July 24 2019,West,18,80,16129022,12:21,86.2
July 24 2019,West,18,81,16129023,12:22,90.4
July 24 2019,West,18,82,16129024,12:22,86.2
July 24 2019,West,18,83,16129025,12:22,85.8
July 24 2019,West,18,84,16129026,12:23,85.5
July 24 2019,West,18,85,16129027,12:23,88.1
July 24 2019,West,18,86,16129028,12:23,NA
July 24 2019,West,18,87,16129029,12:24,92.3
July 24 2019,West,18,88,16129030,12:25,98.6
July 24 2019,West,18,89,16129031,12:25,96.5
July 24 2019,West,18,90,16129032,12:26,NA
July 24 2019,West,18,91,16129033,12:26,94.7
July 24 2019,West,18,92,16129034,12:26,86.3
July 24 2019,West,18,93,16129035,12:27,87.4
July 24 2019,West,18,94,16129036,12:35,93.3
July 24 2019,West,18,95,16129037,12:36,93.2
July 24 2019,West,18,96,16129038,12:36,84.4
July 24 2019,West,18,97,16129039,12:37,84.3
July 24 2019,West,18,98,16129040,12:37,85.3
July 24 2019,West,18,99,16129041,12:38,83.4
July 24 2019,West,18,100,16129042,12:38,80.2
July 24 2019,West,18,101,16129043,12:39,83.6
July 24 2019,West,18,102,16129044,12:39,74.9
July 24 2019,West,18,103,16129045,12:40,85.6
July 24 2019,West,18,104,16129046,12:41,87.3
July 24 2019,West,18,105,16129047,12:41,84.5
July 24 2019,West,19,1,16129048,12:44,90.2
July 24 2019,West,19,2,16129049,12:44,93.5
July 24 2019,West,19,3,16129050,12:46,84.1
July 24 2019,West,19,4,16129051,12:46,88.4
July 24 2019,West,19,5,16129052,12:46,91.4
July 24 2019,West,19,6,16129053,12:47,NA
July 24 2019,West,19,7,16129054,12:47,90.5
July 24 2019,West,19,8,16129055,12:48,97.7
July 24 2019,West,19,9,16129056,12:48,87.6
July 24 2019,West,19,10,16129057,12:49,92.3
July 24 2019,West,19,11,16129058,12:49,84.3
July 24 2019,West,19,12,16129059,12:50,89.7
July 24 2019,West,19,13,16129060,12:50,95
July 24 2019,West,19,14,16129061,12:51,88
July 24 2019,West,19,15,16129062,12:51,89.6
July 24 2019,West,19,16,16129063,12:52,91.5
July 24 2019,West,19,17,16129064,12:52,90
July 24 2019,West,19,18,16129065,12:52,NA
July 24 2019,West,19,19,16129066,12:53,93.1
July 24 2019,West,19,20,16129067,12:54,91
July 24 2019,West,19,21,16129068,12:54,85.9
July 24 2019,West,19,22,16129069,12:55,89.3
July 24 2019,West,19,23,16129070,12:55,87.3
July 24 2019,West,19,24,16129071,12:56,88.7
July 24 2019,West,19,25,16129072,12:56,95.8
July 24 2019,West,19,26,16129073,12:57,88.8
July 24 2019,West,19,27,16129074,12:58,94.2
July 24 2019,West,19,28,16129075,12:59,93.9
July 24 2019,West,22,39,16113001,13:04,88.2
July 24 2019,West,22,40,16113002,13:06,80.2
July 24 2019,West,22,41,16113003,13:06,82.8
July 24 2019,West,22,42,16113004,13:07,85.3
July 24 2019,West,22,43,16113005,13:07,89.2
July 24 2019,West,22,44,16113006,13:08,94.4
July 24 2019,West,22,45,16113007,13:09,91.9
July 24 2019,West,22,46,16113008,13:09,93
July 24 2019,West,22,47,16113009,13:10,88.8
July 24 2019,West,22,48,16113010,13:10,88.5
July 24 2019,West,22,49,16113011,13:11,92.3
July 24 2019,West,22,50,16113012,13:11,90.1
July 24 2019,West,22,51,16113013,13:12,91
July 24 2019,West,22,52,16113014,13:12,92.3
July 24 2019,West,22,53,16113015,13:13,92.3
July 24 2019,West,22,54,16113016,13:13,87.7
July 24 2019,West,22,55,16113017,13:14,91.9
July 24 2019,West,22,56,16113018,13:14,94.6
July 24 2019,West,22,57,16113019,13:15,92.5
July 24 2019,West,22,58,16113020,13:15,88.2
July 24 2019,West,22,59,16113021,13:16,91.1
July 24 2019,West,22,60,16113022,13:16,96.7
July 24 2019,West,22,61,16113023,13:17,91.2
July 24 2019,West,22,62,16113024,13:17,98.1
July 24 2019,West,22,63,16113025,13:18,94.7
July 24 2019,West,22,64,16113026,13:18,99.2
July 24 2019,West,22,65,16113027,13:18,97
July 24 2019,West,22,66,16113028,13:19,94.6
July 24 2019,West,22,67,16113029,13:20,93.3
July 24 2019,West,22,68,16113030,13:20,89.9
July 24 2019,West,22,69,16113031,13:21,89.7
July 24 2019,West,22,70,16113032,13:22,97.3
July 24 2019,West,22,71,16113033,13:24,90.7
July 24 2019,West,22,72,16113034,13:24,91.9
July 24 2019,West,22,73,16113035,13:25,88.5
July 24 2019,West,22,74,16113036,13:25,91.1
July 24 2019,West,22,75,16113037,13:26,95.7
July 24 2019,West,22,76,16113038,13:26,94.5
July 24 2019,West,22,77,16113039,13:27,94.4
July 24 2019,West,22,78,16113040,13:27,94.8
July 24 2019,West,22,79,16113041,13:28,95.3
July 24 2019,West,22,80,16113042,13:28,97.4
July 24 2019,West,22,81,16113043,13:29,93.2
July 24 2019,West,22,82,16113044,13:29,117.1
July 24 2019,West,22,83,16113045,13:30,87.9
July 24 2019,West,22,84,16113046,13:30,89.8
July 24 2019,West,22,85,16113047,13:31,91.5
July 24 2019,West,22,86,16113048,13:31,90.9
July 24 2019,West,22,87,16113049,13:32,93.9
July 24 2019,West,22,88,16113050,13:32,95
August 1 2019,West,14,104,16118001,9:46,77.2
August 1 2019,West,14,105,16118002,9:46,81
August 1 2019,West,15,1,16118003,8:54,
August 1 2019,West,15,2,16118004,8:54,79.2
August 1 2019,West,15,3,16118005,8:55,83.1
August 1 2019,West,15,4,16118006,8:55,78
August 1 2019,West,15,5,16118007,8:56,78.1
August 1 2019,West,15,6,16118008,8:56,76.8
August 1 2019,West,15,7,16118009,8:56,73.8
August 1 2019,West,15,8,16118010,8:57,72.4
August 1 2019,West,15,9,16118011,8:58,76.2
August 1 2019,West,15,10,16118012,8:59,73.5
August 1 2019,West,15,11,16118013,8:59,75.6
August 1 2019,West,15,12,16118014,9:00,73
August 1 2019,West,15,13,16118015,9:00,
August 1 2019,West,15,14,16118016,9:01,77.5
August 1 2019,West,15,15,16118017,9:01,75.7
August 1 2019,West,15,16,16118018,9:02,78.5
August 1 2019,West,15,17,16118019,9:02,73.3
August 1 2019,West,15,18,16118020,9:03,71.1
August 1 2019,West,15,19,16118021,9:03,
August 1 2019,West,15,20,16118022,9:03,70.4
August 1 2019,West,15,21,16118023,9:04,72.1
August 1 2019,West,15,22,16118024,9:04,80.9
August 1 2019,West,15,23,16118025,9:05,75.9
August 1 2019,West,15,24,16118026,9:06,78.6
August 1 2019,West,15,25,16118027,9:06,71.1
August 1 2019,West,15,26,16118028,9:07,77.2
August 1 2019,West,15,27,16118029,9:07,74.4
August 1 2019,West,15,28,16118030,9:08,72.8
August 1 2019,West,15,29,16118031,9:08,
August 1 2019,West,15,30,16118032,9:08,75.9
August 1 2019,West,15,31,16118033,9:09,70.2
August 1 2019,West,15,32,16118034,9:09,70.6
August 1 2019,West,15,33,16118035,9:10,68.6
August 1 2019,West,15,34,16118036,9:11,73
August 1 2019,West,15,35,16118037,9:11,81.1
August 1 2019,West,15,36,16118038,9:12,74.6
August 1 2019,West,15,37,16118039,9:12,71.6
August 1 2019,West,15,38,16118040,9:13,
August 1 2019,West,15,39,16118041,9:13,67.7
August 1 2019,West,15,40,16118042,9:15,71.7
August 1 2019,West,15,41,16118043,9:16,72
August 1 2019,West,15,42,16118044,9:16,70.6
August 1 2019,West,15,43,16118045,9:17,74.7
August 1 2019,West,15,44,16118046,9:18,75.1
August 1 2019,West,15,45,16118047,9:18,75.1
August 1 2019,West,15,46,16118048,9:19,77.5
August 1 2019,West,15,47,16118049,9:19,
August 1 2019,West,15,48,16118050,9:19,76.8
August 1 2019,West,15,49,16118051,9:19,
August 1 2019,West,15,50,16118052,9:19,
August 1 2019,West,15,51,16118053,9:20,74.4
August 1 2019,West,15,52,16118054,9:21,73.8
August 1 2019,West,15,53,16118055,9:21,
August 1 2019,West,15,54,16118056,9:21,72.8
August 1 2019,West,15,55,16118057,9:22,80.3
August 1 2019,West,15,56,16118058,9:23,73.5
August 1 2019,West,15,57,16118059,9:23,72
August 1 2019,West,15,58,16118060,9:24,88.6
August 1 2019,West,15,59,16118061,9:24,79
August 1 2019,West,15,60,16118062,9:24,
August 1 2019,West,15,61,16118063,9:25,78.9
August 1 2019,West,15,62,16118064,9:25,72
August 1 2019,West,15,63,16118065,9:26,76.9
August 1 2019,West,15,64,16118066,9:26,72.9
August 1 2019,West,15,65,16118067,9:27,71.9
August 1 2019,West,15,66,16118068,9:27,73.8
August 1 2019,West,15,67,16118069,9:28,76.4
August 1 2019,West,15,68,16118070,9:29,79.5
August 1 2019,West,15,69,16118071,9:29,75.6
August 1 2019,West,15,70,16118072,9:30,75.1
August 1 2019,West,15,71,16118073,9:30,
August 1 2019,West,15,72,16118074,9:30,69.7
August 1 2019,West,15,73,16118075,9:30,
August 1 2019,West,15,74,16118076,9:31,69.1
August 1 2019,West,15,75,16118077,9:31,
August 1 2019,West,15,76,16118078,9:31,73.3
August 1 2019,West,15,77,16118079,9:32,71.2
August 1 2019,West,15,78,16118080,9:33,76
August 1 2019,West,15,79,16118081,9:33,70.6
August 1 2019,West,15,80,16118082,9:34,71.5
August 1 2019,West,15,81,16118083,9:35,71
August 1 2019,West,15,82,16118084,9:35,75
August 1 2019,West,15,83,16118085,9:35,72.5
August 1 2019,West,15,84,16118086,9:36,77.9
August 1 2019,West,15,85,16118087,9:36,85.3
August 1 2019,West,15,86,16118088,9:37,77.3
August 1 2019,West,15,87,16118089,9:37,80
August 1 2019,West,15,88,16118090,9:37,74.3
August 1 2019,West,15,89,16118091,9:38,78.1
August 1 2019,West,15,90,16118092,9:38,77.4
August 1 2019,West,15,91,16118093,9:39,80.9
August 1 2019,West,15,92,16118094,9:39,78.5
August 1 2019,West,15,93,16118095,9:40,78.5
August 1 2019,West,15,94,16118096,9:40,79.8
August 1 2019,West,15,95,16118097,9:41,73.1
August 1 2019,West,15,96,16118098,9:41,76.1
August 1 2019,West,15,97,16118099,9:42,77.9
August 1 2019,West,15,98,16118100,9:42,74.2
August 1 2019,West,15,99,16118101,9:42,60.8
August 1 2019,West,15,100,16118102,9:43,79.2
August 1 2019,West,15,101,16118103,9:44,74.7
August 1 2019,West,15,102,16118104,9:44,78
August 1 2019,West,15,103,16118105,9:45,74.6
August 1 2019,West,15,104,16118106,9:46,76.2
August 1 2019,West,15,105,16118107,9:46,81.2
August 1 2019,West,16,1,16118108,9:52,77
August 1 2019,West,16,2,16118109,9:53,80.6
August 1 2019,West,16,3,16118110,9:53,81.9
August 1 2019,West,16,4,16118111,9:54,
August 1 2019,West,16,5,16118112,9:54,74.7
August 1 2019,West,16,6,16118113,9:55,79.9
August 1 2019,West,16,7,16118114,9:55,80
August 1 2019,West,16,8,16118115,9:56,72.4
August 1 2019,West,16,9,16118116,9:56,72
August 1 2019,West,16,10,16118117,9:56,
August 1 2019,West,16,11,16118118,9:56,
August 1 2019,West,16,12,16118119,9:57,82.1
August 1 2019,West,16,13,16118120,9:57,75.5
August 1 2019,West,16,14,16118121,9:57,
August 1 2019,West,16,15,16118122,9:58,75.1
August 1 2019,West,16,16,16118123,9:58,76.2
August 1 2019,West,16,17,16118124,9:59,81.2
August 1 2019,West,16,18,16118125,10:00,74
August 1 2019,West,16,19,16119001,10:00,71.9
August 1 2019,West,16,20,16119002,10:01,82.3
August 1 2019,West,16,21,16119003,10:01,77.6
August 1 2019,West,16,22,16119004,10:02,
August 1 2019,West,16,23,16119005,10:02,76.6
August 1 2019,West,16,24,16119006,10:03,81.5
August 1 2019,West,16,25,16119007,10:04,79.7
August 1 2019,West,16,26,16119008,10:06,75.9
August 1 2019,West,16,27,16119009,10:06,83.6
August 1 2019,West,16,28,16119010,10:06,
August 1 2019,West,16,29,16119011,10:07,79
August 1 2019,West,16,30,16119012,10:07,80.6
August 1 2019,West,16,31,16119013,10:08,80.3
August 1 2019,West,16,32,16119014,10:08,84.1
August 1 2019,West,16,33,16119015,10:09,81.5
August 1 2019,West,16,34,16119016,10:10,75.5
August 1 2019,West,16,35,16119017,10:10,81.2
August 1 2019,West,16,36,16119018,10:11,79.1
August 1 2019,West,16,37,16119019,10:12,79.6
August 1 2019,West,16,38,16119020,10:12,77.4
August 1 2019,West,16,39,16119021,10:12,80.5
August 1 2019,West,16,40,16119022,10:13,77.6
August 1 2019,West,16,41,16119023,10:13,78.3
August 1 2019,West,16,42,16119024,10:14,80.9
August 1 2019,West,16,43,16119025,10:14,79
August 1 2019,West,16,44,16119026,10:15,78
August 1 2019,West,16,45,16119027,10:15,77.3
August 1 2019,West,16,46,16119028,10:16,78.5
August 1 2019,West,16,47,16119029,10:16,77.7
August 1 2019,West,16,48,16119030,10:17,76.7
August 1 2019,West,16,49,16119031,10:18,78.5
August 1 2019,West,16,50,16119032,10:18,75.8
August 1 2019,West,16,51,16119033,10:19,81.1
August 1 2019,West,16,52,16119034,10:19,79.5
August 1 2019,West,16,53,16119035,10:20,77
August 1 2019,West,16,54,16119036,10:20,
August 1 2019,West,16,55,16119037,10:21,76.9
August 1 2019,West,16,56,16119038,10:21,78.7
August 1 2019,West,16,57,16119039,10:22,78.9
August 1 2019,West,16,58,16119040,8:55,79.6
August 1 2019,West,16,59,16119041,8:56,76.6
August 1 2019,West,16,60,16119042,8:56,72.8
August 1 2019,West,16,61,16119043,8:57,73.7
August 1 2019,West,16,62,16119044,8:57,72.4
August 1 2019,West,16,63,16119045,8:58,75.5
August 1 2019,West,16,64,16119046,8:59,75.4
August 1 2019,West,16,65,16119047,9:00,
August 1 2019,West,16,66,16119048,9:00,
August 1 2019,West,16,67,16119049,9:01,71.5
August 1 2019,West,16,68,16119050,9:01,68.3
August 1 2019,West,16,69,16119051,9:02,70.7
August 1 2019,West,16,70,16119052,9:02,74.1
August 1 2019,West,16,71,16119053,9:03,71.1
August 1 2019,West,16,72,16119054,9:04,71.2
August 1 2019,West,16,73,16119055,9:04,74.2
August 1 2019,West,16,74,16119056,9:05,
August 1 2019,West,16,75,16119057,9:06,72.7
August 1 2019,West,16,76,16119058,9:07,78.3
August 1 2019,West,16,77,16119059,9:07,73.5
August 1 2019,West,16,78,16119060,9:08,70.2
August 1 2019,West,16,79,16119061,9:08,73.5
August 1 2019,West,16,80,16119062,9:09,71.3
August 1 2019,West,16,81,16119063,9:09,66.7
August 1 2019,West,16,82,16119064,9:10,68.9
August 1 2019,West,16,83,16119065,9:11,74.7
August 1 2019,West,16,84,16119066,9:12,78.7
August 1 2019,West,16,85,16119067,9:13,76.4
August 1 2019,West,16,86,16119068,9:13,76
August 1 2019,West,16,87,16119069,9:14,
August 1 2019,West,16,88,16119070,9:14,72.9
August 1 2019,West,16,89,16119071,9:15,71.4
August 1 2019,West,16,90,16119072,9:16,82.3
August 1 2019,West,16,91,16119073,9:16,70.9
August 1 2019,West,16,92,16119074,9:17,75.8
August 1 2019,West,16,93,16119075,9:17,73.4
August 1 2019,West,16,94,16119076,9:18,71.8
August 1 2019,West,16,95,16119077,9:19,71.9
August 1 2019,West,16,96,16119078,9:20,76.9
August 1 2019,West,16,97,16119079,9:20,69.5
August 1 2019,West,16,98,16119080,9:20,69.5
August 1 2019,West,16,99,16119081,9:22,72.5
August 1 2019,West,16,100,16119082,9:22,78.1
August 1 2019,West,16,101,16119083,9:23,
August 1 2019,West,16,102,16119084,9:23,71.3
August 1 2019,West,16,103,16119085,9:24,73.3
August 1 2019,West,16,104,16119086,9:24,74
August 1 2019,West,16,105,16119087,9:25,71.4
August 1 2019,West,17,1,16119088,9:28,74
August 1 2019,West,17,2,16119089,9:28,74.7
August 1 2019,West,17,3,16119090,9:29,72.7
August 1 2019,West,17,4,16119091,9:30,70.3
August 1 2019,West,17,5,16119092,9:30,73.4
August 1 2019,West,17,6,16119093,9:31,73
August 1 2019,West,17,7,16119094,9:31,73
August 1 2019,West,17,8,16119095,9:32,76.5
August 1 2019,West,17,9,16119096,9:32,76.3
August 1 2019,West,17,10,16119097,9:33,72.6
August 1 2019,West,17,11,16119098,9:34,67.4
August 1 2019,West,17,12,16119099,9:34,69.5
August 1 2019,West,17,13,16119100,9:35,68.1
August 1 2019,West,17,14,16117001,9:35,71.7
August 1 2019,West,17,15,16117002,9:36,71.1
August 1 2019,West,17,16,16117003,9:37,71.2
August 1 2019,West,17,17,16117004,9:37,70.2
August 1 2019,West,17,18,16117005,9:38,74.6
August 1 2019,West,17,19,16117006,9:38,77.2
August 1 2019,West,17,20,16117007,9:39,71.4
August 1 2019,West,17,21,16117008,9:39,68.9
August 1 2019,West,17,22,16117009,9:40,73
August 1 2019,West,17,23,16117010,9:41,68.8
August 1 2019,West,17,24,16117011,9:41,73.4
August 1 2019,West,17,25,16117012,9:41,
August 1 2019,West,17,26,16117013,9:42,68.2
August 1 2019,West,17,27,16117014,9:42,79
August 1 2019,West,17,28,16117015,9:43,73.2
August 1 2019,West,17,29,16117016,9:44,73.3
August 1 2019,West,17,30,16117017,9:44,78.3
August 1 2019,West,17,31,16117018,9:45,70.5
August 1 2019,West,17,32,16117019,9:46,72.7
August 1 2019,West,17,33,16117020,9:47,73.2
August 1 2019,West,17,34,16117021,9:47,66.4
August 1 2019,West,17,35,16117022,9:53,65.1
August 1 2019,West,17,36,16117023,9:54,64.1
August 1 2019,West,17,37,16117024,9:54,66.1
August 1 2019,West,17,38,16117025,9:55,69.3
August 1 2019,West,17,39,16117026,9:56,65.5
August 1 2019,West,17,40,16117027,9:56,69.3
August 1 2019,West,17,41,16117028,9:57,69.5
August 1 2019,West,17,42,16117029,9:57,68.7
August 1 2019,West,17,43,16117030,9:58,71.6
August 1 2019,West,17,44,16117031,9:59,
August 1 2019,West,17,45,16117032,9:59,74.5
August 1 2019,West,17,46,16117033,10:00,77.2
August 1 2019,West,17,47,16117034,10:01,72.8
August 1 2019,West,17,48,16117035,10:02,79.3
August 1 2019,West,17,49,16117036,10:02,77.3
August 1 2019,West,17,50,16117037,10:03,74.9
August 1 2019,West,17,51,16117038,10:04,71.6
August 1 2019,West,17,52,16117039,10:04,74.7
August 1 2019,West,17,53,16117040,10:05,
August 1 2019,West,17,54,16117041,10:06,73.5
August 1 2019,West,17,55,16117042,10:06,71.4
August 1 2019,West,17,56,16117043,10:07,75.3
August 1 2019,West,17,57,16117044,10:08,76.3
August 1 2019,West,17,58,16117045,10:08,73
August 1 2019,West,17,59,16117046,10:09,73.3
August 1 2019,West,17,60,16117047,10:09,74.4
August 1 2019,West,17,61,16117048,10:10,68.1
August 1 2019,West,17,62,16117049,10:10,69.2
August 1 2019,West,17,63,16117050,10:11,75.5
August 1 2019,West,17,64,16117051,10:11,
August 1 2019,West,17,65,16117052,10:12,
August 1 2019,West,17,66,16117053,10:12,73.1
August 1 2019,West,17,67,16117054,10:13,71.3
August 1 2019,West,17,68,16117055,10:13,73.8
August 1 2019,West,17,69,16117056,10:14,79
August 1 2019,West,17,70,16117057,10:14,
August 1 2019,West,17,71,16117058,10:15,75.3
August 1 2019,West,17,72,16117059,10:16,74.8
August 1 2019,West,17,73,16117060,10:16,81.6
August 1 2019,West,17,74,16117061,10:17,
August 1 2019,West,17,75,16117062,10:17,72
August 1 2019,West,17,76,16117063,10:18,79.7
August 1 2019,West,17,77,16117064,10:18,76.1
August 1 2019,West,17,78,16117065,10:19,73.8
August 1 2019,West,17,79,16117066,10:20,77.6
August 1 2019,West,17,80,16117067,10:21,74.1
August 1 2019,West,17,81,16117068,10:21,82.1
August 1 2019,West,17,82,16117069,10:22,71.4
August 1 2019,West,17,83,16117070,10:22,76.1
August 1 2019,West,17,84,16117071,10:23,74.9
August 1 2019,West,17,85,16117072,10:23,81.2
August 1 2019,West,17,86,16117073,10:24,76
August 1 2019,West,17,87,16117074,10:25,77.1
August 1 2019,West,17,88,16117075,10:25,79.8
August 1 2019,West,17,89,16117076,10:26,75.6
August 1 2019,West,17,90,16117077,10:26,78.3
August 1 2019,West,17,91,16117078,10:27,77.9
August 1 2019,West,17,92,16117079,10:27,80.3
August 1 2019,West,17,93,16117080,10:28,77.9
August 1 2019,West,17,94,16117081,10:28,79.7
August 1 2019,West,17,95,16117082,10:29,75.5
August 1 2019,West,17,96,16117083,10:29,77.9
August 1 2019,West,17,97,16117084,10:30,77.9
August 1 2019,West,17,98,16117085,10:30,96.8
August 1 2019,West,17,99,16117086,10:31,
August 1 2019,West,17,100,16117087,10:32,81.3
August 1 2019,West,17,101,16117088,10:33,75.4
August 1 2019,West,17,102,16117089,10:33,76.8
August 1 2019,West,17,103,16117090,10:33,78.5
August 1 2019,West,17,104,16117091,10:34,78.4
August 1 2019,West,17,105,16117092,10:35,84
August 1 2019,West,18,1,16117093,10:38,81
August 1 2019,West,18,2,16117094,10:38,84.2
August 1 2019,West,18,3,16117095,10:39,90.2
August 1 2019,West,18,4,16117096,10:39,87.6
August 1 2019,West,18,5,16117097,10:39,81.1
August 1 2019,West,18,6,16117098,10:40,80.5
August 1 2019,West,18,7,16117099,10:40,82.1
August 1 2019,West,18,8,16117100,10:40,81.9
August 1 2019,West,18,9,16117101,10:41,79.5
August 1 2019,West,18,10,16117102,10:41,79.7
August 1 2019,West,18,11,16117103,10:41,81.6
August 1 2019,West,18,12,16117104,8:55,83.8
August 1 2019,West,18,13,16117105,8:55,81.4
August 1 2019,West,18,14,16117106,8:56,82.3
August 1 2019,West,18,15,16117107,8:57,85.4
August 1 2019,West,18,16,16117108,8:58,84.3
August 1 2019,West,18,17,16117109,8:59,87.4
August 1 2019,West,18,18,16117110,9:00,82.9
August 1 2019,West,18,19,16117111,9:00,84.5
August 1 2019,West,18,20,16117112,9:01,77.7
August 1 2019,West,18,21,16117113,9:01,76.6
August 1 2019,West,18,22,16117114,9:02,76.7
August 1 2019,West,18,23,16117115,9:02,75.5
August 1 2019,West,18,24,16117116,9:03,75.5
August 1 2019,West,18,25,16117117,9:03,
August 1 2019,West,18,26,16117118,9:04,76.8
August 1 2019,West,18,27,16117119,9:04,76.4
August 1 2019,West,18,28,16117120,9:05,76.8
August 1 2019,West,18,29,16117121,9:05,78.5
August 1 2019,West,18,30,16117122,9:06,75.2
August 1 2019,West,18,31,16117123,9:06,
August 1 2019,West,18,32,16117124,9:07,76.8
August 1 2019,West,18,33,16117125,9:07,77.8
August 1 2019,West,18,34,16117126,9:08,79.5
August 1 2019,West,18,35,16117127,9:08,80.5
August 1 2019,West,18,36,16117128,9:09,80
August 1 2019,West,18,37,16117129,9:10,87.2
August 1 2019,West,18,38,16117130,9:10,85.8
August 1 2019,West,18,39,16117131,9:11,86.4
August 1 2019,West,18,40,16117132,9:11,82.8
August 1 2019,West,18,41,16117133,9:12,83.7
August 1 2019,West,18,42,16117134,9:12,86.8
August 1 2019,West,18,43,16117135,9:13,88.6
August 1 2019,West,18,44,16117136,9:13,
August 1 2019,West,18,45,16117137,9:14,78.7
August 1 2019,West,18,46,16117138,9:14,82.7
August 1 2019,West,18,47,16117139,9:15,85.5
August 1 2019,West,18,48,16117140,9:15,83.2
August 1 2019,West,18,49,16117141,9:16,83.3
August 1 2019,West,18,50,16117142,9:16,81.9
August 1 2019,West,18,51,16117143,9:17,82.6
August 1 2019,West,18,52,16117144,9:17,81.3
August 1 2019,West,18,53,16117145,9:18,75.7
August 1 2019,West,18,54,16117146,9:18,81.8
August 1 2019,West,18,55,16117147,9:19,83.1
August 1 2019,West,18,56,16117148,9:20,86.1
August 1 2019,West,18,57,16117149,9:20,
August 1 2019,West,18,58,16117150,9:20,93
August 1 2019,West,18,59,16129001,9:21,82.1
August 1 2019,West,18,60,16129002,9:21,79.8
August 1 2019,West,18,61,16129003,9:21,79
August 1 2019,West,18,62,16129004,9:22,
August 1 2019,West,18,63,16129005,9:22,79.8
August 1 2019,West,18,64,16129006,9:22,
August 1 2019,West,18,65,16129007,9:23,
August 1 2019,West,18,66,16129008,9:23,89.1
August 1 2019,West,18,67,16129009,9:23,
August 1 2019,West,18,68,16129010,9:24,83.4
August 1 2019,West,18,69,16129011,9:24,80.8
August 1 2019,West,18,70,16129012,9:25,77.5
August 1 2019,West,18,71,16129013,9:25,78.5
August 1 2019,West,18,72,16129014,9:25,79.2
August 1 2019,West,18,73,16129015,9:26,80.3
August 1 2019,West,18,74,16129016,9:26,82
August 1 2019,West,18,75,16129017,9:26,72.6
August 1 2019,West,18,76,16129018,9:27,74.6
August 1 2019,West,18,77,16129019,9:27,81.8
August 1 2019,West,18,78,16129020,9:28,72.9
August 1 2019,West,18,79,16129021,9:28,77.9
August 1 2019,West,18,80,16129022,9:28,79.9
August 1 2019,West,18,81,16129023,9:29,78.8
August 1 2019,West,18,82,16129024,9:29,78.9
August 1 2019,West,18,83,16129025,9:30,77.1
August 1 2019,West,18,84,16129026,9:30,76.1
August 1 2019,West,18,85,16129027,9:30,81.2
August 1 2019,West,18,86,16129028,9:31,
August 1 2019,West,18,87,16129029,9:31,79.2
August 1 2019,West,18,88,16129030,9:32,87.5
August 1 2019,West,18,89,16129031,9:32,
August 1 2019,West,18,90,16129032,9:33,
August 1 2019,West,18,91,16129033,9:33,79.7
August 1 2019,West,18,92,16129034,9:34,81.8
August 1 2019,West,18,93,16129035,9:34,82.5
August 1 2019,West,18,94,16129036,9:35,75.8
August 1 2019,West,18,95,16129037,9:35,76.2
August 1 2019,West,18,96,16129038,9:36,80.2
August 1 2019,West,18,97,16129039,9:36,
August 1 2019,West,18,98,16129040,9:37,82.1
August 1 2019,West,18,99,16129041,9:37,79.3
August 1 2019,West,18,100,16129042,9:38,83.6
August 1 2019,West,18,101,16129043,9:39,82.4
August 1 2019,West,18,102,16129044,9:39,82.6
August 1 2019,West,18,103,16129045,9:40,80.1
August 1 2019,West,18,104,16129046,9:40,86.7
August 1 2019,West,18,105,16129047,9:41,83.3
August 1 2019,West,19,1,16129048,9:42,85.4
August 1 2019,West,19,2,16129049,9:42,86.9
August 1 2019,West,19,3,16129050,9:42,85.2
August 1 2019,West,19,4,16129051,9:43,85.7
August 1 2019,West,19,5,16129052,9:43,80.3
August 1 2019,West,19,6,16129053,9:43,
August 1 2019,West,19,7,16129054,9:44,91.5
August 1 2019,West,19,8,16129055,9:44,82.9
August 1 2019,West,19,9,16129056,9:45,81
August 1 2019,West,19,10,16129057,9:45,78.8
August 1 2019,West,19,11,16129058,9:45,75.8
August 1 2019,West,19,12,16129059,9:46,78.6
August 1 2019,West,19,13,16129060,9:46,
August 1 2019,West,19,14,16129061,9:46,76.2
August 1 2019,West,19,15,16129062,9:47,80.5
August 1 2019,West,19,16,16129063,9:47,81.6
August 1 2019,West,19,17,16129064,9:47,84.6
August 1 2019,West,19,18,16129065,9:48,
August 1 2019,West,19,19,16129066,9:48,81
August 1 2019,West,19,20,16129067,9:48,80.9
August 1 2019,West,19,21,16129068,9:49,84.7
August 1 2019,West,19,22,16129069,9:49,80.5
August 1 2019,West,19,23,16129070,9:50,85.8
August 1 2019,West,19,24,16129071,9:50,83.2
August 1 2019,West,19,25,16129072,9:51,86.5
August 1 2019,West,19,26,16129073,9:52,78.1
August 1 2019,West,19,27,16129074,9:53,79.4
August 1 2019,West,19,28,16129075,9:54,79.7
August 1 2019,West,22,39,16113001,9:55,86.9
August 1 2019,West,22,40,16113002,9:55,81.3
August 1 2019,West,22,41,16113003,9:55,85.8
August 1 2019,West,22,42,16113004,9:56,91.5
August 1 2019,West,22,43,16113005,9:56,85.1
August 1 2019,West,22,44,16113006,9:57,87.7
August 1 2019,West,22,45,16113007,9:57,89.1
August 1 2019,West,22,46,16113008,9:58,87.3
August 1 2019,West,22,47,16113009,9:58,85.7
August 1 2019,West,22,48,16113010,9:59,87.2
August 1 2019,West,22,49,16113011,9:59,83.4
August 1 2019,West,22,50,16113012,10:00,88.9
August 1 2019,West,22,51,16113013,10:00,85
August 1 2019,West,22,52,16113014,10:00,85.4
August 1 2019,West,22,53,16113015,10:00,88.7
August 1 2019,West,22,54,16113016,10:01,
August 1 2019,West,22,55,16113017,10:01,82.8
August 1 2019,West,22,56,16113018,10:01,80.9
August 1 2019,West,22,57,16113019,10:02,86.6
August 1 2019,West,22,58,16113020,10:02,
August 1 2019,West,22,59,16113021,10:02,86.6
August 1 2019,West,22,60,16113022,10:02,89.2
August 1 2019,West,22,61,16113023,10:03,83
August 1 2019,West,22,62,16113024,10:03,83.8
August 1 2019,West,22,63,16113025,10:03,83.6
August 1 2019,West,22,64,16113026,10:04,82.5
August 1 2019,West,22,65,16113027,10:04,85
August 1 2019,West,22,66,16113028,10:04,83.3
August 1 2019,West,22,67,16113029,10:05,81.3
August 1 2019,West,22,68,16113030,10:05,81.5
August 1 2019,West,22,69,16113031,10:05,82.5
August 1 2019,West,22,70,16113032,10:06,82.8
August 1 2019,West,22,71,16113033,10:06,87.6
August 1 2019,West,22,72,16113034,10:06,86.3
August 1 2019,West,22,73,16113035,10:07,85.3
August 1 2019,West,22,74,16113036,10:07,84.3
August 1 2019,West,22,75,16113037,10:07,87.1
August 1 2019,West,22,76,16113038,10:08,85.4
August 1 2019,West,22,77,16113039,10:08,82
August 1 2019,West,22,78,16113040,10:08,84.4
August 1 2019,West,22,79,16113041,10:09,81.5
August 1 2019,West,22,80,16113042,10:09,82.6
August 1 2019,West,22,81,16113043,10:10,74.6
August 1 2019,West,22,82,16113044,10:10,78.2
August 1 2019,West,22,83,16113045,10:11,81.3
August 1 2019,West,22,84,16113046,10:12,82.7
August 1 2019,West,22,85,16113047,10:12,81.9
August 1 2019,West,22,86,16113048,10:13,83.9
August 1 2019,West,22,87,16113049,10:14,85.3
August 1 2019,West,22,88,16113050,10:15,83.6